day_of_week,pair_number,subject_name,lecture_type,audience,teacher,week_type,group,subgroup,num_subgroups,is_external,is_remote,department,institute,course,direction,profile,fio,group_name
понедельник,1,Операционные системы,лекция,У708,,обе недели,606-51,,0,False,False,,политехнический,1,09.03.01 Информатика и вычислительная техника,,,606-51
понедельник,2,Операционные системы,практика,У805,,обе недели,606-51,1,2,False,False,,политехнический,1,09.03.01 Информатика и вычислительная техника,,,606-51
понедельник,2,Иностранный язык,практика,У508,,обе недели,606-51,2,2,False,False,,политехнический,1,09.03.01 Информатика и вычислительная техника,,,606-51
понедельник,2,Операционные системы,практика,У805,,обе недели,606-51,1,2,False,False,,политехнический,1,09.03.01 Информатика и вычислительная техника,,,606-51
понедельник,2,Иностранный язык,практика,У508,,обе недели,606-51,2,2,False,False,,политехнический,1,09.03.01 Информатика и вычислительная техника,,,606-51
понедельник,3,Иностранный язык,практика,У507,,обе недели,606-51,1,2,False,False,,политехнический,1,09.03.01 Информатика и вычислительная техника,,,606-51
понедельник,3,Операционные системы,практика,У805,,обе недели,606-51,2,2,False,False,,политехнический,1,09.03.01 Информатика и вычислительная техника,,,606-51
понедельник,3,Иностранный язык,практика,У507,,обе недели,606-51,1,2,False,False,,политехнический,1,09.03.01 Информатика и вычислительная техника,,,606-51
понедельник,3,Операционные системы,практика,У805,,обе недели,606-51,2,2,False,False,,политехнический,1,09.03.01 Информатика и вычислительная техника,,,606-51
вторник,1,Математический анализ,лекция,У708,,обе недели,606-51,,0,False,False,,политехнический,1,09.03.01 Информатика и вычислительная техника,,,606-51
вторник,2,Алгоритмические языки программирования,практика,У801,,обе недели,606-51,1,2,False,False,,политехнический,1,09.03.01 Информатика и вычислительная техника,,,606-51
вторник,2,История и методология ИВТ,практика,У804,,обе недели,606-51,2,2,False,False,,политехнический,1,09.03.01 Информатика и вычислительная техника,,,606-51
вторник,2,Алгоритмические языки программирования,практика,У801,,обе недели,606-51,1,2,False,False,,политехнический,1,09.03.01 Информатика и вычислительная техника,,,606-51
вторник,2,История и методология ИВТ,практика,У804,,обе недели,606-51,2,2,False,False,,политехнический,1,09.03.01 Информатика и вычислительная техника,,,606-51
вторник,3,История и методология ИВТ,практика,У804,,обе недели,606-51,1,2,False,False,,политехнический,1,09.03.01 Информатика и вычислительная техника,,,606-51
вторник,3,Алгоритмические языки программиров.,практика,У801,,обе недели,606-51,2,2,False,False,,политехнический,1,09.03.01 Информатика и вычислительная техника,,,606-51
вторник,3,История и методология ИВТ,практика,У804,,обе недели,606-51,1,2,False,False,,политехнический,1,09.03.01 Информатика и вычислительная техника,,,606-51
вторник,3,Алгоритмические языки программиров.,практика,У801,,обе недели,606-51,2,2,False,False,,политехнический,1,09.03.01 Информатика и вычислительная техника,,,606-51
вторник,5,Физическая культура и спорт Элективные дисциплины по физической культуре и спорту,лекция,,,числитель,606-51,,0,False,False,,политехнический,1,09.03.01 Информатика и вычислительная техника,,,606-51
вторник,5,Элективные дисциплины по физической культуре и спорту,лекция,С,,знаменатель,606-51,,0,False,False,,политехнический,1,09.03.01 Информатика и вычислительная техника,,,606-51
среда,2,История России,практика,У506,,обе недели,606-51,,0,False,False,,политехнический,1,09.03.01 Информатика и вычислительная техника,,,606-51
среда,3,Математический анализ,практика,У506,,обе недели,606-51,,0,False,False,,политехнический,1,09.03.01 Информатика и вычислительная техника,,,606-51
среда,4,Математический анализ,практика,У506,,обе недели,606-51,,0,False,False,,политехнический,1,09.03.01 Информатика и вычислительная техника,,,606-51
среда,5,Основы российской государственности,практика,У505,,обе недели,606-51,,0,False,False,,политехнический,1,09.03.01 Информатика и вычислительная техника,,,606-51
четверг,3,Физика,лекция,А314,,обе недели,606-51,,0,False,False,,политехнический,1,09.03.01 Информатика и вычислительная техника,,,606-51
четверг,4,Физика,практика,А314,,обе недели,606-51,,0,False,False,,политехнический,1,09.03.01 Информатика и вычислительная техника,,,606-51
пятница,6,Алгоритмические языки программирования,лекция,ЭОиДОТ,,обе недели,606-51,,0,False,True,,политехнический,1,09.03.01 Информатика и вычислительная техника,,,606-51
суббота,1,"Физика, 301",практика,А316,,числитель,606-51,1,2,False,False,,политехнический,1,09.03.01 Информатика и вычислительная техника,,,606-51
суббота,1,"Физика, 301",практика,А316,,знаменатель,606-51,2,2,False,False,,политехнический,1,09.03.01 Информатика и вычислительная техника,,,606-51
суббота,1,"Физика, 301",практика,А316,,числитель,606-51,1,2,False,False,,политехнический,1,09.03.01 Информатика и вычислительная техника,,,606-51
суббота,1,"Физика, 301",практика,А316,,знаменатель,606-51,2,2,False,False,,политехнический,1,09.03.01 Информатика и вычислительная техника,,,606-51
суббота,2,Введение в профессиональную деятельность ИВТ,практика,У704,,числитель,606-51,,0,False,False,,политехнический,1,09.03.01 Информатика и вычислительная техника,,,606-51
суббота,2,История и методология ИВТ,практика,У704,,знаменатель,606-51,,0,False,False,,политехнический,1,09.03.01 Информатика и вычислительная техника,,,606-51
суббота,3,Введение в профессиональную деятельность ИВТ,лекция,У704,,числитель,606-51,,0,False,False,,политехнический,1,09.03.01 Информатика и вычислительная техника,,,606-51
суббота,3,История и методология ИВТ,лекция,У704,,знаменатель,606-51,,0,False,False,,политехнический,1,09.03.01 Информатика и вычислительная техника,,,606-51
суббота,4,Элективные дисциплины по физической культуре и спорту,лекция,С,,обе недели,606-51,,0,False,False,,политехнический,1,09.03.01 Информатика и вычислительная техника,,,606-51
понедельник,1,Операционные системы,лекция,У708,,обе недели,606-52,,0,False,False,,политехнический,1,09.03.01 Информатика и вычислительная техника,,,606-52
вторник,1,Математический анализ,лекция,У708,,обе недели,606-52,,0,False,False,,политехнический,1,09.03.01 Информатика и вычислительная техника,,,606-52
вторник,2,Математический анализ,практика,У505,,обе недели,606-52,,0,False,False,,политехнический,1,09.03.01 Информатика и вычислительная техника,,,606-52
вторник,3,Математический анализ,практика,У505,,обе недели,606-52,,0,False,False,,политехнический,1,09.03.01 Информатика и вычислительная техника,,,606-52
вторник,4,Физика,практика,А314,,обе недели,606-52,,0,False,False,,политехнический,1,09.03.01 Информатика и вычислительная техника,,,606-52
среда,1,История России,практика,У506,,обе недели,606-52,,0,False,False,,политехнический,1,09.03.01 Информатика и вычислительная техника,,,606-52
среда,2,Основы российской государственности,практика,У505,,обе недели,606-52,,0,False,False,,политехнический,1,09.03.01 Информатика и вычислительная техника,,,606-52
среда,5,Физическая культура и спорт Элективные дисциплины по физической культуре и спорту,лекция,,,числитель,606-52,,0,False,False,,политехнический,1,09.03.01 Информатика и вычислительная техника,,,606-52
среда,5,Элективные дисциплины по физической культуре и спорту,лекция,С,,знаменатель,606-52,,0,False,False,,политехнический,1,09.03.01 Информатика и вычислительная техника,,,606-52
четверг,3,Физика,лекция,А314,,обе недели,606-52,,0,False,False,,политехнический,1,09.03.01 Информатика и вычислительная техника,,,606-52
четверг,4,История и методология ИВТ,практика,У804,,обе недели,606-52,1,2,False,False,,политехнический,1,09.03.01 Информатика и вычислительная техника,,,606-52
четверг,4,Алгоритмические языки программиров.,практика,У801,,обе недели,606-52,2,2,False,False,,политехнический,1,09.03.01 Информатика и вычислительная техника,,,606-52
четверг,4,История и методология ИВТ,практика,У804,,обе недели,606-52,1,2,False,False,,политехнический,1,09.03.01 Информатика и вычислительная техника,,,606-52
четверг,4,Алгоритмические языки программиров.,практика,У801,,обе недели,606-52,2,2,False,False,,политехнический,1,09.03.01 Информатика и вычислительная техника,,,606-52
четверг,5,Алгоритмические языки программирования,практика,У801,,обе недели,606-52,1,2,False,False,,политехнический,1,09.03.01 Информатика и вычислительная техника,,,606-52
четверг,5,История и методология ИВТ,практика,У804,,обе недели,606-52,2,2,False,False,,политехнический,1,09.03.01 Информатика и вычислительная техника,,,606-52
четверг,5,Алгоритмические языки программирования,практика,У801,,обе недели,606-52,1,2,False,False,,политехнический,1,09.03.01 Информатика и вычислительная техника,,,606-52
четверг,5,История и методология ИВТ,практика,У804,,обе недели,606-52,2,2,False,False,,политехнический,1,09.03.01 Информатика и вычислительная техника,,,606-52
четверг,6,"Физика, 301 ( 17.00)",практика,А316,,числитель,606-52,1,2,False,False,,политехнический,1,09.03.01 Информатика и вычислительная техника,,,606-52
четверг,6,"Физика, 301 ( 17.00)",практика,А316,,знаменатель,606-52,2,2,False,False,,политехнический,1,09.03.01 Информатика и вычислительная техника,,,606-52
четверг,6,"Физика, 301 ( 17.00)",практика,А316,,числитель,606-52,1,2,False,False,,политехнический,1,09.03.01 Информатика и вычислительная техника,,,606-52
четверг,6,"Физика, 301 ( 17.00)",практика,А316,,знаменатель,606-52,2,2,False,False,,политехнический,1,09.03.01 Информатика и вычислительная техника,,,606-52
пятница,3,Иностранный язык,практика,У508,,обе недели,606-52,1,2,False,False,,политехнический,1,09.03.01 Информатика и вычислительная техника,,,606-52
пятница,3,Операционные системы,практика,У804,,обе недели,606-52,2,2,False,False,,политехнический,1,09.03.01 Информатика и вычислительная техника,,,606-52
пятница,3,Иностранный язык,практика,У508,,обе недели,606-52,1,2,False,False,,политехнический,1,09.03.01 Информатика и вычислительная техника,,,606-52
пятница,3,Операционные системы,практика,У804,,обе недели,606-52,2,2,False,False,,политехнический,1,09.03.01 Информатика и вычислительная техника,,,606-52
пятница,4,Операционные системы,практика,У804,,обе недели,606-52,1,2,False,False,,политехнический,1,09.03.01 Информатика и вычислительная техника,,,606-52
пятница,4,Иностранный язык,практика,У508,,обе недели,606-52,2,2,False,False,,политехнический,1,09.03.01 Информатика и вычислительная техника,,,606-52
пятница,4,Операционные системы,практика,У804,,обе недели,606-52,1,2,False,False,,политехнический,1,09.03.01 Информатика и вычислительная техника,,,606-52
пятница,4,Иностранный язык,практика,У508,,обе недели,606-52,2,2,False,False,,политехнический,1,09.03.01 Информатика и вычислительная техника,,,606-52
пятница,6,Алгоритмические языки программирования,лекция,ЭОиДОТ,,обе недели,606-52,,0,False,True,,политехнический,1,09.03.01 Информатика и вычислительная техника,,,606-52
суббота,1,Элективные дисциплины по физической культуре и спорту,лекция,С,,обе недели,606-52,,0,False,False,,политехнический,1,09.03.01 Информатика и вычислительная техника,,,606-52
суббота,3,Введение в профессиональную деятельность ИВТ,лекция,У704,,числитель,606-52,,0,False,False,,политехнический,1,09.03.01 Информатика и вычислительная техника,,,606-52
суббота,3,История и методология ИВТ,лекция,У704,,знаменатель,606-52,,0,False,False,,политехнический,1,09.03.01 Информатика и вычислительная техника,,,606-52
суббота,4,Введение в профессиональную деятельность ИВТ,практика,У704,,числитель,606-52,,0,False,False,,политехнический,1,09.03.01 Информатика и вычислительная техника,,,606-52
суббота,4,История и методология ИВТ,практика,У704,,знаменатель,606-52,,0,False,False,,политехнический,1,09.03.01 Информатика и вычислительная техника,,,606-52
понедельник,1,"Дискретная математика, математическая логика и теория алгоритмов",практика,У505,,обе недели,606-41,,0,False,False,,политехнический,2,09.03.01 Информатика и вычислительная техника,Искусственный интеллект и экспертные системы,,606-41
понедельник,2,"Дискретная математика, математическая логика и теория алгоритмов",лекция,У708,,обе недели,606-41,,0,False,False,,политехнический,2,09.03.01 Информатика и вычислительная техника,Искусственный интеллект и экспертные системы,,606-41
понедельник,3,Иностранный язык,практика,У508,,обе недели,606-41,2,1,False,False,,политехнический,2,09.03.01 Информатика и вычислительная техника,Искусственный интеллект и экспертные системы,,606-41
вторник,4,ФТД: Онтологическое моделирование,лекция,У708,,числитель,606-41,,0,False,False,,политехнический,2,09.03.01 Информатика и вычислительная техника,Искусственный интеллект и экспертные системы,,606-41
вторник,5,Основы проектной деятельности пр),,У802,,обе недели,606-41,,0,False,False,,политехнический,2,09.03.01 Информатика и вычислительная техника,Искусственный интеллект и экспертные системы,,606-41
среда,1,ЭВМ и периферийные устройства,лекция,У708,,обе недели,606-41,,0,False,False,,политехнический,2,09.03.01 Информатика и вычислительная техника,Искусственный интеллект и экспертные системы,,606-41
среда,2,ЭВМ и периферийные устройства,практика,У708,,числитель,606-41,,0,False,False,,политехнический,2,09.03.01 Информатика и вычислительная техника,Искусственный интеллект и экспертные системы,,606-41
среда,2,Работа в команде,практика,А320,,знаменатель,606-41,,0,False,False,,политехнический,2,09.03.01 Информатика и вычислительная техника,Искусственный интеллект и экспертные системы,,606-41
среда,3,Иностранный язык,практика,У507,,обе недели,606-41,1,2,False,False,,политехнический,2,09.03.01 Информатика и вычислительная техника,Искусственный интеллект и экспертные системы,,606-41
среда,3,ЭВМ и периферийные устройства,практика,У804,,обе недели,606-41,2,2,False,False,,политехнический,2,09.03.01 Информатика и вычислительная техника,Искусственный интеллект и экспертные системы,,606-41
среда,3,Иностранный язык,практика,У507,,обе недели,606-41,1,2,False,False,,политехнический,2,09.03.01 Информатика и вычислительная техника,Искусственный интеллект и экспертные системы,,606-41
среда,3,ЭВМ и периферийные устройства,практика,У804,,обе недели,606-41,2,2,False,False,,политехнический,2,09.03.01 Информатика и вычислительная техника,Искусственный интеллект и экспертные системы,,606-41
среда,4,ФТД: Онтологическое моделирование,практика,У802,,числитель,606-41,1,2,False,False,,политехнический,2,09.03.01 Информатика и вычислительная техника,Искусственный интеллект и экспертные системы,,606-41
среда,4,ФТД: Онтологическое моделирование,практика,У802,,знаменатель,606-41,2,2,False,False,,политехнический,2,09.03.01 Информатика и вычислительная техника,Искусственный интеллект и экспертные системы,,606-41
среда,4,ФТД: Онтологическое моделирование,практика,У802,,числитель,606-41,1,2,False,False,,политехнический,2,09.03.01 Информатика и вычислительная техника,Искусственный интеллект и экспертные системы,,606-41
среда,4,ФТД: Онтологическое моделирование,практика,У802,,знаменатель,606-41,2,2,False,False,,политехнический,2,09.03.01 Информатика и вычислительная техника,Искусственный интеллект и экспертные системы,,606-41
четверг,1,Инженерная и компьютерная графика,лекция,У708,,обе недели,606-41,,0,False,False,,политехнический,2,09.03.01 Информатика и вычислительная техника,Искусственный интеллект и экспертные системы,,606-41
четверг,2,ЭВМ и периферийные устройства,практика,У802,,обе недели,606-41,1,1,False,False,,политехнический,2,09.03.01 Информатика и вычислительная техника,Искусственный интеллект и экспертные системы,,606-41
четверг,3,Инженерная и компьютерная графика,практика,У805,,обе недели,606-41,1,1,False,False,,политехнический,2,09.03.01 Информатика и вычислительная техника,Искусственный интеллект и экспертные системы,,606-41
пятница,2,"Дискретная математика, математическая логика и теория алгоритмов",практика,У708,,обе недели,606-41,,0,False,False,,политехнический,2,09.03.01 Информатика и вычислительная техника,Искусственный интеллект и экспертные системы,,606-41
пятница,3,"Дискретная математика, математическая логика и теория алгоритмов",лекция,У708,,обе недели,606-41,,0,False,False,,политехнический,2,09.03.01 Информатика и вычислительная техника,Искусственный интеллект и экспертные системы,,606-41
пятница,4,Инженерная и компьютерная графика,практика,У805,,обе недели,606-41,2,1,False,False,,политехнический,2,09.03.01 Информатика и вычислительная техника,Искусственный интеллект и экспертные системы,,606-41
суббота,2,День самостоятельной работы,,,,обе недели,606-41,,0,False,False,,политехнический,2,09.03.01 Информатика и вычислительная техника,Искусственный интеллект и экспертные системы,,606-41
понедельник,1,Иностранный язык,практика,А502,,обе недели,606-42,1,1,False,False,,политехнический,2,09.03.01 Информатика и вычислительная техника,Искусственный интеллект и экспертные системы,,606-42
понедельник,2,"Дискретная математика, математическая логика и теория алгоритмов",лекция,У708,,обе недели,606-42,,0,False,False,,политехнический,2,09.03.01 Информатика и вычислительная техника,Искусственный интеллект и экспертные системы,,606-42
понедельник,3,"Дискретная математика, математическая логика и теория алгоритмов",практика,У708,,обе недели,606-42,,0,False,False,,политехнический,2,09.03.01 Информатика и вычислительная техника,Искусственный интеллект и экспертные системы,,606-42
вторник,3,Основы проектной деятельности пр),,У802,,обе недели,606-42,,0,False,False,,политехнический,2,09.03.01 Информатика и вычислительная техника,Искусственный интеллект и экспертные системы,,606-42
вторник,4,ФТД: Онтологическое моделирование,лекция,У708,,числитель,606-42,,0,False,False,,политехнический,2,09.03.01 Информатика и вычислительная техника,Искусственный интеллект и экспертные системы,,606-42
среда,1,ЭВМ и периферийные устройства,лекция,У708,,обе недели,606-42,,0,False,False,,политехнический,2,09.03.01 Информатика и вычислительная техника,Искусственный интеллект и экспертные системы,,606-42
среда,2,Работа в команде,практика,А320,,числитель,606-42,,0,False,False,,политехнический,2,09.03.01 Информатика и вычислительная техника,Искусственный интеллект и экспертные системы,,606-42
среда,2,ЭВМ и периферийные устройства,практика,У708,,знаменатель,606-42,,0,False,False,,политехнический,2,09.03.01 Информатика и вычислительная техника,Искусственный интеллект и экспертные системы,,606-42
среда,3,ФТД: Онтологическое моделирование,практика,У802,,числитель,606-42,1,2,False,False,,политехнический,2,09.03.01 Информатика и вычислительная техника,Искусственный интеллект и экспертные системы,,606-42
среда,3,ФТД:: Онтологическое моделирование,практика,У802,,знаменатель,606-42,2,2,False,False,,политехнический,2,09.03.01 Информатика и вычислительная техника,Искусственный интеллект и экспертные системы,,606-42
среда,3,ФТД: Онтологическое моделирование,практика,У802,,числитель,606-42,1,2,False,False,,политехнический,2,09.03.01 Информатика и вычислительная техника,Искусственный интеллект и экспертные системы,,606-42
среда,3,ФТД:: Онтологическое моделирование,практика,У802,,знаменатель,606-42,2,2,False,False,,политехнический,2,09.03.01 Информатика и вычислительная техника,Искусственный интеллект и экспертные системы,,606-42
четверг,1,Инженерная и компьютерная графика,лекция,У708,,обе недели,606-42,,0,False,False,,политехнический,2,09.03.01 Информатика и вычислительная техника,Искусственный интеллект и экспертные системы,,606-42
четверг,2,Инженерная и компьютерная графика,практика,У805,,обе недели,606-42,1,2,False,False,,политехнический,2,09.03.01 Информатика и вычислительная техника,Искусственный интеллект и экспертные системы,,606-42
четверг,2,Иностранный язык,практика,У507,,обе недели,606-42,2,2,False,False,,политехнический,2,09.03.01 Информатика и вычислительная техника,Искусственный интеллект и экспертные системы,,606-42
четверг,2,Инженерная и компьютерная графика,практика,У805,,обе недели,606-42,1,2,False,False,,политехнический,2,09.03.01 Информатика и вычислительная техника,Искусственный интеллект и экспертные системы,,606-42
четверг,2,Иностранный язык,практика,У507,,обе недели,606-42,2,2,False,False,,политехнический,2,09.03.01 Информатика и вычислительная техника,Искусственный интеллект и экспертные системы,,606-42
четверг,3,ЭВМ и периферийные устройства,практика,У802,,обе недели,606-42,2,1,False,False,,политехнический,2,09.03.01 Информатика и вычислительная техника,Искусственный интеллект и экспертные системы,,606-42
пятница,3,"Дискретная математика, математическая логика и теория алгоритмов",лекция,У708,,обе недели,606-42,,0,False,False,,политехнический,2,09.03.01 Информатика и вычислительная техника,Искусственный интеллект и экспертные системы,,606-42
пятница,4,"Дискретная математика, математическая логика и теория алгоритмов",практика,У708,,обе недели,606-42,,0,False,False,,политехнический,2,09.03.01 Информатика и вычислительная техника,Искусственный интеллект и экспертные системы,,606-42
пятница,5,ЭВМ и периферийные устройства,практика,У804,,обе недели,606-42,1,2,False,False,,политехнический,2,09.03.01 Информатика и вычислительная техника,Искусственный интеллект и экспертные системы,,606-42
пятница,5,Инженерная и компьютерная графика,практика,У805,,обе недели,606-42,2,2,False,False,,политехнический,2,09.03.01 Информатика и вычислительная техника,Искусственный интеллект и экспертные системы,,606-42
пятница,5,ЭВМ и периферийные устройства,практика,У804,,обе недели,606-42,1,2,False,False,,политехнический,2,09.03.01 Информатика и вычислительная техника,Искусственный интеллект и экспертные системы,,606-42
пятница,5,Инженерная и компьютерная графика,практика,У805,,обе недели,606-42,2,2,False,False,,политехнический,2,09.03.01 Информатика и вычислительная техника,Искусственный интеллект и экспертные системы,,606-42
суббота,2,День самостоятельной работы,,,,обе недели,606-42,,0,False,False,,политехнический,2,09.03.01 Информатика и вычислительная техника,Искусственный интеллект и экспертные системы,,606-42
понедельник,3,"Учебная практика, научно-исследовательская работа (получение первичных навыков научно-исследовательской работы)",практика,У804,,обе недели,606-31,,0,False,False,,политехнический,3,09.03.01 Информатика и вычислительная техника,Искусственный интеллект и экспертные системы,,606-31
понедельник,4,Моделирование систем,лекция,У708,,обе недели,606-31,,0,False,False,,политехнический,3,09.03.01 Информатика и вычислительная техника,Искусственный интеллект и экспертные системы,,606-31
вторник,4,Моделирование систем,практика,У804,,обе недели,606-31,1,1,False,False,,политехнический,3,09.03.01 Информатика и вычислительная техника,Искусственный интеллект и экспертные системы,,606-31
вторник,6,Системы реального времени,лекция,ЭОиДОТ,,обе недели,606-31,,0,False,True,,политехнический,3,09.03.01 Информатика и вычислительная техника,Искусственный интеллект и экспертные системы,,606-31
среда,2,Правоведение,практика,А503,,знаменатель,606-31,,0,False,False,,политехнический,3,09.03.01 Информатика и вычислительная техника,Искусственный интеллект и экспертные системы,,606-31
среда,3,Правоведение,практика,А503,,обе недели,606-31,,0,False,False,,политехнический,3,09.03.01 Информатика и вычислительная техника,Искусственный интеллект и экспертные системы,,606-31
среда,4,Методы оптимизации,лекция,У708,,обе недели,606-31,,0,False,False,,политехнический,3,09.03.01 Информатика и вычислительная техника,Искусственный интеллект и экспертные системы,,606-31
среда,5,Методы оптимизации,практика,У506,,обе недели,606-31,,0,False,False,,политехнический,3,09.03.01 Информатика и вычислительная техника,Искусственный интеллект и экспертные системы,,606-31
четверг,2,Объектно-ориент. проект. и программирование,практика,У804,,числитель,606-31,1,2,False,False,,политехнический,3,09.03.01 Информатика и вычислительная техника,Искусственный интеллект и экспертные системы,,606-31
четверг,2,Объектно-ориент. проект. и программирование,практика,У804,,знаменатель,606-31,2,2,False,False,,политехнический,3,09.03.01 Информатика и вычислительная техника,Искусственный интеллект и экспертные системы,,606-31
четверг,2,Объектно-ориент. проект. и программирование,практика,У804,,числитель,606-31,1,2,False,False,,политехнический,3,09.03.01 Информатика и вычислительная техника,Искусственный интеллект и экспертные системы,,606-31
четверг,2,Объектно-ориент. проект. и программирование,практика,У804,,знаменатель,606-31,2,2,False,False,,политехнический,3,09.03.01 Информатика и вычислительная техника,Искусственный интеллект и экспертные системы,,606-31
четверг,3,Объектно-ориентированное проектирование и программирование,лекция,У708,,обе недели,606-31,,0,False,False,,политехнический,3,09.03.01 Информатика и вычислительная техника,Искусственный интеллект и экспертные системы,,606-31
четверг,4,Иностранный язык в проф. сфере,практика,У506,,обе недели,606-31,1,2,False,False,,политехнический,3,09.03.01 Информатика и вычислительная техника,Искусственный интеллект и экспертные системы,,606-31
четверг,4,Моделирование систем,практика,У805,,обе недели,606-31,2,2,False,False,,политехнический,3,09.03.01 Информатика и вычислительная техника,Искусственный интеллект и экспертные системы,,606-31
четверг,4,Иностранный язык в проф. сфере,практика,У506,,обе недели,606-31,1,2,False,False,,политехнический,3,09.03.01 Информатика и вычислительная техника,Искусственный интеллект и экспертные системы,,606-31
четверг,4,Моделирование систем,практика,У805,,обе недели,606-31,2,2,False,False,,политехнический,3,09.03.01 Информатика и вычислительная техника,Искусственный интеллект и экспертные системы,,606-31
четверг,5,Иностранный язык в проф. сфере,практика,У506,,обе недели,606-31,2,1,False,False,,политехнический,3,09.03.01 Информатика и вычислительная техника,Искусственный интеллект и экспертные системы,,606-31
пятница,4,Основы экономической культуры,практика,К511,,обе недели,606-31,,0,False,False,,политехнический,3,09.03.01 Информатика и вычислительная техника,Искусственный интеллект и экспертные системы,,606-31
суббота,1,Системы реального времени,практика,У805,,обе недели,606-31,1,1,False,False,,политехнический,3,09.03.01 Информатика и вычислительная техника,Искусственный интеллект и экспертные системы,,606-31
суббота,2,Системы реального времени,практика,У805,,числитель,606-31,1,2,False,False,,политехнический,3,09.03.01 Информатика и вычислительная техника,Искусственный интеллект и экспертные системы,,606-31
суббота,2,Системы реального времени,практика,У805,,знаменатель,606-31,2,2,False,False,,политехнический,3,09.03.01 Информатика и вычислительная техника,Искусственный интеллект и экспертные системы,,606-31
суббота,2,Системы реального времени,практика,У805,,числитель,606-31,1,2,False,False,,политехнический,3,09.03.01 Информатика и вычислительная техника,Искусственный интеллект и экспертные системы,,606-31
суббота,2,Системы реального времени,практика,У805,,знаменатель,606-31,2,2,False,False,,политехнический,3,09.03.01 Информатика и вычислительная техника,Искусственный интеллект и экспертные системы,,606-31
суббота,3,Системы реального времени,практика,У805,,обе недели,606-31,2,1,False,False,,политехнический,3,09.03.01 Информатика и вычислительная техника,Искусственный интеллект и экспертные системы,,606-31
понедельник,2,"Учебная практика, научно-исследовательская работа (получение первичных навыков научно-исследовательской работы)",практика,У804,,обе недели,606-32,,0,False,False,,политехнический,3,09.03.01 Информатика и вычислительная техника,Искусственный интеллект и экспертные системы,,606-32
понедельник,3,Правоведение пр),,У506,,обе недели,606-32,,0,False,False,,политехнический,3,09.03.01 Информатика и вычислительная техника,Искусственный интеллект и экспертные системы,,606-32
понедельник,4,Моделирование систем,лекция,У708,,обе недели,606-32,,0,False,False,,политехнический,3,09.03.01 Информатика и вычислительная техника,Искусственный интеллект и экспертные системы,,606-32
понедельник,5,Методы и технологии анализа данных временных рядов,лекция,У708,,обе недели,606-32,,0,False,False,,политехнический,3,09.03.01 Информатика и вычислительная техника,Искусственный интеллект и экспертные системы,,606-32
вторник,4,Методы оптимизации,практика,У505,,обе недели,606-32,,0,False,False,,политехнический,3,09.03.01 Информатика и вычислительная техника,Искусственный интеллект и экспертные системы,,606-32
вторник,5,Моделирование систем (лаб),,У804,,обе недели,606-32,,0,False,False,,политехнический,3,09.03.01 Информатика и вычислительная техника,Искусственный интеллект и экспертные системы,,606-32
среда,2,Правоведение пр),,А503,,числитель,606-32,,0,False,False,,политехнический,3,09.03.01 Информатика и вычислительная техника,Искусственный интеллект и экспертные системы,,606-32
среда,2,Методы и технологии анализа данных временных рядов (лаб),,У801,,знаменатель,606-32,,0,False,False,,политехнический,3,09.03.01 Информатика и вычислительная техника,Искусственный интеллект и экспертные системы,,606-32
среда,3,Методы и технологии анализа данных временных рядов (лаб),,У801,,обе недели,606-32,,0,False,False,,политехнический,3,09.03.01 Информатика и вычислительная техника,Искусственный интеллект и экспертные системы,,606-32
среда,4,Методы оптимизации,лекция,У708,,обе недели,606-32,,0,False,False,,политехнический,3,09.03.01 Информатика и вычислительная техника,Искусственный интеллект и экспертные системы,,606-32
четверг,3,Объектно-ориентированное проектирование и программирование,лекция,У708,,обе недели,606-32,,0,False,False,,политехнический,3,09.03.01 Информатика и вычислительная техника,Искусственный интеллект и экспертные системы,,606-32
четверг,4,Объектно-ориент. проект. и программирование (лаб),,У802,,знаменатель,606-32,,0,False,False,,политехнический,3,09.03.01 Информатика и вычислительная техника,Искусственный интеллект и экспертные системы,,606-32
пятница,4,Основы экономической культуры,практика,К509,,обе недели,606-32,,0,False,False,,политехнический,3,09.03.01 Информатика и вычислительная техника,Искусственный интеллект и экспертные системы,,606-32
пятница,5,Иностранный язык в профессиональной сфере,,К508,,обе недели,606-32,,0,False,False,,политехнический,3,09.03.01 Информатика и вычислительная техника,Искусственный интеллект и экспертные системы,,606-32
суббота,1,День самостоятельной работы,,,,обе недели,606-32,,0,False,False,,политехнический,3,09.03.01 Информатика и вычислительная техника,Искусственный интеллект и экспертные системы,,606-32
понедельник,3,Проектирование и эксплуатация АСОИУ,лекция,У505,,обе недели,606-21,,0,False,False,,политехнический,4,09.03.01 Информатика и вычислительная техника,Искусственный интеллект и экспертные системы,,606-21
понедельник,4,Проектирование и эксплуатация АСОИУ,лекция,У505,,обе недели,606-21,,0,False,False,,политехнический,4,09.03.01 Информатика и вычислительная техника,Искусственный интеллект и экспертные системы,,606-21
понедельник,5,Проектирование и эксплуатация АСОИУ,практика,У505,,обе недели,606-21,,0,False,False,,политехнический,4,09.03.01 Информатика и вычислительная техника,Искусственный интеллект и экспертные системы,,606-21
понедельник,6,Защита информации,лекция,У708,,обе недели,606-21,,0,False,False,,политехнический,4,09.03.01 Информатика и вычислительная техника,Искусственный интеллект и экспертные системы,,606-21
вторник,3,Интеллектуальные системы,практика,У805,,обе недели,606-21,1,1,False,False,,политехнический,4,09.03.01 Информатика и вычислительная техника,Искусственный интеллект и экспертные системы,,606-21
вторник,4,Интеллектуальные системы,практика,У805,,обе недели,606-21,1,1,False,False,,политехнический,4,09.03.01 Информатика и вычислительная техника,Искусственный интеллект и экспертные системы,,606-21
вторник,5,Интеллектуальные системы,лекция,У708,,обе недели,606-21,,0,False,False,,политехнический,4,09.03.01 Информатика и вычислительная техника,Искусственный интеллект и экспертные системы,,606-21
среда,3,Работа в команде,практика,А514,,обе недели,606-21,,0,False,False,,политехнический,4,09.03.01 Информатика и вычислительная техника,Искусственный интеллект и экспертные системы,,606-21
среда,4,Проектирование и эксплуатация АСОИУ,практика,У804,,обе недели,606-21,1,2,False,False,,политехнический,4,09.03.01 Информатика и вычислительная техника,Искусственный интеллект и экспертные системы,,606-21
среда,4,Интеллектуальные системы,практика,У805,,обе недели,606-21,2,2,False,False,,политехнический,4,09.03.01 Информатика и вычислительная техника,Искусственный интеллект и экспертные системы,,606-21
среда,4,Проектирование и эксплуатация АСОИУ,практика,У804,,обе недели,606-21,1,2,False,False,,политехнический,4,09.03.01 Информатика и вычислительная техника,Искусственный интеллект и экспертные системы,,606-21
среда,4,Интеллектуальные системы,практика,У805,,обе недели,606-21,2,2,False,False,,политехнический,4,09.03.01 Информатика и вычислительная техника,Искусственный интеллект и экспертные системы,,606-21
среда,5,Проектирование и эксплуатация АСОИУ,практика,У804,,обе недели,606-21,1,2,False,False,,политехнический,4,09.03.01 Информатика и вычислительная техника,Искусственный интеллект и экспертные системы,,606-21
среда,5,Интеллектуальные системы,практика,У805,,обе недели,606-21,2,2,False,False,,политехнический,4,09.03.01 Информатика и вычислительная техника,Искусственный интеллект и экспертные системы,,606-21
среда,5,Проектирование и эксплуатация АСОИУ,практика,У804,,обе недели,606-21,1,2,False,False,,политехнический,4,09.03.01 Информатика и вычислительная техника,Искусственный интеллект и экспертные системы,,606-21
среда,5,Интеллектуальные системы,практика,У805,,обе недели,606-21,2,2,False,False,,политехнический,4,09.03.01 Информатика и вычислительная техника,Искусственный интеллект и экспертные системы,,606-21
четверг,2,Проектирование и эксплуатация АСОИУ,практика,У801,,обе недели,606-21,2,1,False,False,,политехнический,4,09.03.01 Информатика и вычислительная техника,Искусственный интеллект и экспертные системы,,606-21
четверг,3,Проектирование и эксплуатация АСОИУ,практика,У801,,обе недели,606-21,2,1,False,False,,политехнический,4,09.03.01 Информатика и вычислительная техника,Искусственный интеллект и экспертные системы,,606-21
четверг,4,Защита информации,лекция,У708,,обе недели,606-21,,0,False,False,,политехнический,4,09.03.01 Информатика и вычислительная техника,Искусственный интеллект и экспертные системы,,606-21
четверг,5,Интеллектуальные системы,лекция,У708,,обе недели,606-21,,0,False,False,,политехнический,4,09.03.01 Информатика и вычислительная техника,Искусственный интеллект и экспертные системы,,606-21
пятница,1,Защита информации,практика,У802,,обе недели,606-21,1,1,False,False,,политехнический,4,09.03.01 Информатика и вычислительная техника,Искусственный интеллект и экспертные системы,,606-21
пятница,2,Защита информации,практика,У802,,обе недели,606-21,1,2,False,False,,политехнический,4,09.03.01 Информатика и вычислительная техника,Искусственный интеллект и экспертные системы,,606-21
пятница,2,Иностранный язык в проф. сфере,практика,А503,,обе недели,606-21,2,2,False,False,,политехнический,4,09.03.01 Информатика и вычислительная техника,Искусственный интеллект и экспертные системы,,606-21
пятница,2,Защита информации,практика,У802,,обе недели,606-21,1,2,False,False,,политехнический,4,09.03.01 Информатика и вычислительная техника,Искусственный интеллект и экспертные системы,,606-21
пятница,2,Иностранный язык в проф. сфере,практика,А503,,обе недели,606-21,2,2,False,False,,политехнический,4,09.03.01 Информатика и вычислительная техника,Искусственный интеллект и экспертные системы,,606-21
пятница,3,Иностранный язык в професс. сфере,практика,А503,,обе недели,606-21,1,2,False,False,,политехнический,4,09.03.01 Информатика и вычислительная техника,Искусственный интеллект и экспертные системы,,606-21
пятница,3,Защита информации,практика,У802,,обе недели,606-21,2,2,False,False,,политехнический,4,09.03.01 Информатика и вычислительная техника,Искусственный интеллект и экспертные системы,,606-21
пятница,3,Иностранный язык в професс. сфере,практика,А503,,обе недели,606-21,1,2,False,False,,политехнический,4,09.03.01 Информатика и вычислительная техника,Искусственный интеллект и экспертные системы,,606-21
пятница,3,Защита информации,практика,У802,,обе недели,606-21,2,2,False,False,,политехнический,4,09.03.01 Информатика и вычислительная техника,Искусственный интеллект и экспертные системы,,606-21
пятница,4,"Метрология, стандартизация и сертификация",практика,У105,,обе недели,606-21,1,2,False,False,,политехнический,4,09.03.01 Информатика и вычислительная техника,Искусственный интеллект и экспертные системы,,606-21
пятница,4,Защита информации,практика,У802,,обе недели,606-21,2,2,False,False,,политехнический,4,09.03.01 Информатика и вычислительная техника,Искусственный интеллект и экспертные системы,,606-21
пятница,4,"Метрология, стандартизация и сертификация",практика,У105,,обе недели,606-21,1,2,False,False,,политехнический,4,09.03.01 Информатика и вычислительная техника,Искусственный интеллект и экспертные системы,,606-21
пятница,4,Защита информации,практика,У802,,обе недели,606-21,2,2,False,False,,политехнический,4,09.03.01 Информатика и вычислительная техника,Искусственный интеллект и экспертные системы,,606-21
суббота,2,"Метрология, стандартизация и сертификация",лекция,У106,,обе недели,606-21,,0,False,False,,политехнический,4,09.03.01 Информатика и вычислительная техника,Искусственный интеллект и экспертные системы,,606-21
суббота,3,"Метрология, стандартизация и сертификация",лекция,У106,,обе недели,606-21,,0,False,False,,политехнический,4,09.03.01 Информатика и вычислительная техника,Искусственный интеллект и экспертные системы,,606-21
суббота,4,"Метрология, стандартизация и сертификация",практика,У105,,обе недели,606-21,2,1,False,False,,политехнический,4,09.03.01 Информатика и вычислительная техника,Искусственный интеллект и экспертные системы,,606-21
понедельник,3,Проектирование и эксплуатация ИЭС,практика,У801,,обе недели,606-22,,0,False,False,,политехнический,4,09.03.01 Информатика и вычислительная техника,Искусственный интеллект и экспертные системы,,606-22
понедельник,4,Защита информации (лаб),,У804,,обе недели,606-22,,0,False,False,,политехнический,4,09.03.01 Информатика и вычислительная техника,Искусственный интеллект и экспертные системы,,606-22
понедельник,5,Защита информации (лаб),,У804,,обе недели,606-22,,0,False,False,,политехнический,4,09.03.01 Информатика и вычислительная техника,Искусственный интеллект и экспертные системы,,606-22
понедельник,6,Защита информации,лекция,У708,,обе недели,606-22,,0,False,False,,политехнический,4,09.03.01 Информатика и вычислительная техника,Искусственный интеллект и экспертные системы,,606-22
вторник,2,Интеллектуальные системы (лаб),лекция,У805,,обе недели,606-22,,0,False,False,,политехнический,4,09.03.01 Информатика и вычислительная техника,Искусственный интеллект и экспертные системы,,606-22
вторник,3,Проектирование и эксплуатация ИЭС,лекция,У506,,обе недели,606-22,,0,False,False,,политехнический,4,09.03.01 Информатика и вычислительная техника,Искусственный интеллект и экспертные системы,,606-22
вторник,4,Проектирование и эксплуатация ИЭС,лекция,У506,,обе недели,606-22,,0,False,False,,политехнический,4,09.03.01 Информатика и вычислительная техника,Искусственный интеллект и экспертные системы,,606-22
вторник,5,Интеллектуальные системы,лекция,У708,,обе недели,606-22,,0,False,False,,политехнический,4,09.03.01 Информатика и вычислительная техника,Искусственный интеллект и экспертные системы,,606-22
среда,3,Работа в команде,практика,А514,,обе недели,606-22,,0,False,False,,политехнический,4,09.03.01 Информатика и вычислительная техника,Искусственный интеллект и экспертные системы,,606-22
среда,4,Проектирование и эксплуатация ИЭС (лаб),,У801,,обе недели,606-22,,0,False,False,,политехнический,4,09.03.01 Информатика и вычислительная техника,Искусственный интеллект и экспертные системы,,606-22
среда,5,Проектирование и эксплуатация ИЭС (лаб),,У801,,обе недели,606-22,,0,False,False,,политехнический,4,09.03.01 Информатика и вычислительная техника,Искусственный интеллект и экспертные системы,,606-22
четверг,4,Защита информации,лекция,У708,,обе недели,606-22,,0,False,False,,политехнический,4,09.03.01 Информатика и вычислительная техника,Искусственный интеллект и экспертные системы,,606-22
четверг,5,Интеллектуальные системы,лекция,У708,,обе недели,606-22,,0,False,False,,политехнический,4,09.03.01 Информатика и вычислительная техника,Искусственный интеллект и экспертные системы,,606-22
пятница,5,Иностранный язык в профессиональной сфере,практика,А503,,обе недели,606-22,,0,False,False,,политехнический,4,09.03.01 Информатика и вычислительная техника,Искусственный интеллект и экспертные системы,,606-22
пятница,6,Интеллектуальные системы (лаб),лекция,У805,,обе недели,606-22,,0,False,False,,политехнический,4,09.03.01 Информатика и вычислительная техника,Искусственный интеллект и экспертные системы,,606-22
суббота,1,"Метрология, стандартизация и сертификация (лаб)",,У105,,обе недели,606-22,,0,False,False,,политехнический,4,09.03.01 Информатика и вычислительная техника,Искусственный интеллект и экспертные системы,,606-22
суббота,2,"Метрология, стандартизация и сертификация",лекция,У106,,обе недели,606-22,,0,False,False,,политехнический,4,09.03.01 Информатика и вычислительная техника,Искусственный интеллект и экспертные системы,,606-22
суббота,3,"Метрология, стандартизация и сертификация",лекция,У106,,обе недели,606-22,,0,False,False,,политехнический,4,09.03.01 Информатика и вычислительная техника,Искусственный интеллект и экспертные системы,,606-22
понедельник,2,Биология курсом генетики человека,лекция,А436,,числитель,501-51,,0,False,False,,медицинский,1,,,,501-51
понедельник,2,Биология курсом генетики человека,лекция,С,,числитель,501-51,,0,False,False,,медицинский,1,,,,501-51
понедельник,2,Анатомия человека,лекция,А2Б,,знаменатель,501-51,,0,False,False,,медицинский,1,,,,501-51
понедельник,3,История медицины,лекция,А436,,числитель,501-51,,0,False,False,,медицинский,1,,,,501-51
понедельник,3,"Гистология, эмбриология, цитология",лекция,А2Б,,знаменатель,501-51,,0,False,False,,медицинский,1,,,,501-51
понедельник,4,"Гистология, эмбр., цитол.",практика,А533,,обе недели,501-51,1,1,False,False,,медицинский,1,,,,501-51
понедельник,5,"Гистология, эмбр., цитол.",практика,А533,,обе недели,501-51,1,1,False,False,,медицинский,1,,,,501-51
вторник,1,Безопасность жизнедеятельности,практика,А401,,числитель,501-51,,0,False,False,,медицинский,1,,,,501-51
вторник,2,Основы психологии в медицине,практика,А504,,обе недели,501-51,,0,False,False,,медицинский,1,,,,501-51
вторник,3,Основы российской государственности,практика,А603,,обе недели,501-51,,0,False,False,,медицинский,1,,,,501-51
вторник,4,История России,практика,А615,,обе недели,501-51,,0,False,False,,медицинский,1,,,,501-51
среда,1,Медиц. информатика Анатомия человека,практика,У606,,числитель,501-51,1,2,False,False,,медицинский,1,,,,501-51
среда,1,Медиц. информатика Анатомия человека,практика,А22,,числитель,501-51,2,2,False,False,,медицинский,1,,,,501-51
среда,1,Медиц. информатика Анатомия человека,практика,У606,,числитель,501-51,1,2,False,False,,медицинский,1,,,,501-51
среда,1,Медиц. информатика Анатомия человека,практика,А22,,числитель,501-51,2,2,False,False,,медицинский,1,,,,501-51
среда,2,Медиц. информатика,практика,У606,,числитель,501-51,1,2,False,False,,медицинский,1,,,,501-51
среда,2,Медиц. информатика,практика,У606,,числитель,501-51,1,2,False,False,,медицинский,1,,,,501-51
среда,2,"Анатомия человека Гистология, эмбр., цитол.",практика,А24,,знаменатель,501-51,1,2,False,False,,медицинский,1,,,,501-51
среда,2,"Анатомия человека Гистология, эмбр., цитол.",практика,А532,,знаменатель,501-51,2,2,False,False,,медицинский,1,,,,501-51
среда,2,"Анатомия человека Гистология, эмбр., цитол.",практика,А24,,знаменатель,501-51,1,2,False,False,,медицинский,1,,,,501-51
среда,2,"Анатомия человека Гистология, эмбр., цитол.",практика,А532,,знаменатель,501-51,2,2,False,False,,медицинский,1,,,,501-51
среда,3,Иностранный язык,практика,А516,,обе недели,501-51,1,2,False,False,,медицинский,1,,,,501-51
среда,3,"Гистология, эмбр., цитол.",практика,А532,,обе недели,501-51,2,2,False,False,,медицинский,1,,,,501-51
среда,3,Иностранный язык,практика,А516,,обе недели,501-51,1,2,False,False,,медицинский,1,,,,501-51
среда,3,"Гистология, эмбр., цитол.",практика,А532,,обе недели,501-51,2,2,False,False,,медицинский,1,,,,501-51
среда,4,Физич. культура и спорт Элект. дисциплины по физ. культуре и спорту,лекция,,,числитель,501-51,,0,False,False,,медицинский,1,,,,501-51
среда,4,Элект. дисциплины по физ. культуре и спорту,лекция,С,,знаменатель,501-51,,0,False,False,,медицинский,1,,,,501-51
четверг,1,Биология курсом ГЧ,практика,А423,,обе недели,501-51,2,1,False,False,,медицинский,1,,,,501-51
четверг,2,Анатомия человека,практика,А22,,обе недели,501-51,2,1,False,False,,медицинский,1,,,,501-51
четверг,3,Иностранный язык,практика,А517,,обе недели,501-51,2,1,False,False,,медицинский,1,,,,501-51
четверг,4,Медицинская информатика,лекция,А2Б,,числитель,501-51,,0,False,False,,медицинский,1,,,,501-51
четверг,4,Основы психологии в медицине,лекция,А436,,знаменатель,501-51,,0,False,False,,медицинский,1,,,,501-51
четверг,5,История медицины,практика,А539,,обе недели,501-51,,0,False,False,,медицинский,1,,,,501-51
пятница,2,Биология курсом ГЧ Медиц. информатика,практика,А423,,числитель,501-51,1,2,False,False,,медицинский,1,,,,501-51
пятница,2,Биология курсом ГЧ Медиц. информатика,практика,У606,,числитель,501-51,2,2,False,False,,медицинский,1,,,,501-51
пятница,2,Биология курсом ГЧ Медиц. информатика,практика,А423,,числитель,501-51,1,2,False,False,,медицинский,1,,,,501-51
пятница,2,Биология курсом ГЧ Медиц. информатика,практика,У606,,числитель,501-51,2,2,False,False,,медицинский,1,,,,501-51
пятница,3,Анатомия человека,практика,А24,,обе недели,501-51,1,2,False,False,,медицинский,1,,,,501-51
пятница,3,Медиц. информатика,практика,У606,,обе недели,501-51,2,2,False,False,,медицинский,1,,,,501-51
пятница,3,Анатомия человека,практика,А24,,обе недели,501-51,1,2,False,False,,медицинский,1,,,,501-51
пятница,3,Медиц. информатика,практика,У606,,обе недели,501-51,2,2,False,False,,медицинский,1,,,,501-51
пятница,5,Элективные дисциплины по физической культуре и спорту,лекция,С,,обе недели,501-51,,0,False,False,,медицинский,1,,,,501-51
суббота,2,Философия,практика,А304,,числитель,501-51,,0,False,False,,медицинский,1,,,,501-51
суббота,2,История медицины,практика,А515,,знаменатель,501-51,,0,False,False,,медицинский,1,,,,501-51
понедельник,2,Биология курсом генетики человека,лекция,А436,,числитель,501-52,,0,False,False,,медицинский,1,,,,501-52
понедельник,2,Биология курсом генетики человека,лекция,С,,числитель,501-52,,0,False,False,,медицинский,1,,,,501-52
понедельник,2,Анатомия человека,лекция,А2Б,,знаменатель,501-52,,0,False,False,,медицинский,1,,,,501-52
понедельник,3,История медицины,лекция,А436,,числитель,501-52,,0,False,False,,медицинский,1,,,,501-52
понедельник,3,"Гистология, эмбриология, цитология",лекция,А2Б,,знаменатель,501-52,,0,False,False,,медицинский,1,,,,501-52
понедельник,4,Медиц. информатика,практика,А417,,обе недели,501-52,1,1,False,False,,медицинский,1,,,,501-52
понедельник,5,Медиц. информатика,практика,А417,,числитель,501-52,1,1,False,False,,медицинский,1,,,,501-52
вторник,1,"Гистология, эмбр., цит.",практика,А532,,обе недели,501-52,2,1,False,False,,медицинский,1,,,,501-52
вторник,2,Биология курсом ГЧ,практика,А423,,обе недели,501-52,1,2,False,False,,медицинский,1,,,,501-52
вторник,2,"Гистология, эмбр., цит.",практика,А532,,обе недели,501-52,2,2,False,False,,медицинский,1,,,,501-52
вторник,2,Биология курсом ГЧ,практика,А423,,обе недели,501-52,1,2,False,False,,медицинский,1,,,,501-52
вторник,2,"Гистология, эмбр., цит.",практика,А532,,обе недели,501-52,2,2,False,False,,медицинский,1,,,,501-52
вторник,3,Иностранный язык,практика,А517,,обе недели,501-52,1,2,False,False,,медицинский,1,,,,501-52
вторник,3,Биология курсом ГЧ,практика,А423,,обе недели,501-52,2,2,False,False,,медицинский,1,,,,501-52
вторник,3,Иностранный язык,практика,А517,,обе недели,501-52,1,2,False,False,,медицинский,1,,,,501-52
вторник,3,Биология курсом ГЧ,практика,А423,,обе недели,501-52,2,2,False,False,,медицинский,1,,,,501-52
вторник,4,Основы российской государственности,практика,А603,,обе недели,501-52,,0,False,False,,медицинский,1,,,,501-52
вторник,5,"История России , А",практика,А615,,обе недели,501-52,,0,False,False,,медицинский,1,,,,501-52
среда,1,История медицины,практика,А515,,числитель,501-52,,0,False,False,,медицинский,1,,,,501-52
среда,2,История медицины,практика,А515,,обе недели,501-52,,0,False,False,,медицинский,1,,,,501-52
среда,3,Иностранный язык,практика,А517,,обе недели,501-52,2,1,False,False,,медицинский,1,,,,501-52
среда,5,Физич. культура и спорт Элект. дисц. по физ. культуре и спорту,лекция,,,числитель,501-52,,0,False,False,,медицинский,1,,,,501-52
среда,5,Элект. дисц. по физ. культуре и спорту,лекция,С,,знаменатель,501-52,,0,False,False,,медицинский,1,,,,501-52
четверг,1,Анатомия человека,практика,А22,,числитель,501-52,2,1,False,False,,медицинский,1,,,,501-52
четверг,2,Медиц. информатика,практика,У601,,числитель,501-52,2,1,False,False,,медицинский,1,,,,501-52
четверг,3,Анатомия человека Медиц. информатика,практика,А24,,знаменатель,501-52,1,2,False,False,,медицинский,1,,,,501-52
четверг,3,Анатомия человека Медиц. информатика,практика,У601,,знаменатель,501-52,2,2,False,False,,медицинский,1,,,,501-52
четверг,3,Анатомия человека Медиц. информатика,практика,А24,,знаменатель,501-52,1,2,False,False,,медицинский,1,,,,501-52
четверг,3,Анатомия человека Медиц. информатика,практика,У601,,знаменатель,501-52,2,2,False,False,,медицинский,1,,,,501-52
четверг,4,Медицинская информатика,лекция,А2Б,,числитель,501-52,,0,False,False,,медицинский,1,,,,501-52
четверг,4,Основы психологии в медицине,лекция,А436,,знаменатель,501-52,,0,False,False,,медицинский,1,,,,501-52
четверг,5,Основы психологии в медицине,практика,А603,,обе недели,501-52,,0,False,False,,медицинский,1,,,,501-52
пятница,1,Анатомия человека,практика,А22,,обе недели,501-52,2,1,False,False,,медицинский,1,,,,501-52
пятница,2,Анатомия человека,практика,А24,,обе недели,501-52,1,1,False,False,,медицинский,1,,,,501-52
пятница,3,Элективные дисциплины по физической культуре и спорту,лекция,С,,обе недели,501-52,,0,False,False,,медицинский,1,,,,501-52
суббота,1,"Гистология, эмбр., цит.",практика,А532,,обе недели,501-52,1,1,False,False,,медицинский,1,,,,501-52
суббота,2,"Гистология, эмбр., цит.",практика,А532,,обе недели,501-52,1,1,False,False,,медицинский,1,,,,501-52
суббота,3,Философия,практика,А304,,знаменатель,501-52,,0,False,False,,медицинский,1,,,,501-52
суббота,4,Безопасность жизнедеятельности,практика,А410,,знаменатель,501-52,,0,False,False,,медицинский,1,,,,501-52
понедельник,2,Анатомия человека,лекция,А2Б,,числитель,501-53,,0,False,False,,медицинский,1,,,,501-53
понедельник,2,Биология курсом генетики человека,лекция,А436,,знаменатель,501-53,,0,False,False,,медицинский,1,,,,501-53
понедельник,2,Биология курсом генетики человека,лекция,С,,знаменатель,501-53,,0,False,False,,медицинский,1,,,,501-53
понедельник,3,"Гистология, эмбриология, цитология",лекция,А2Б,,числитель,501-53,,0,False,False,,медицинский,1,,,,501-53
понедельник,3,История медицины,лекция,А436,,знаменатель,501-53,,0,False,False,,медицинский,1,,,,501-53
понедельник,4,"Гистология, эмбр., цит.",практика,А532,,обе недели,501-53,2,1,False,False,,медицинский,1,,,,501-53
понедельник,5,"Гистология, эмбр., цит.",практика,А532,,обе недели,501-53,2,1,False,False,,медицинский,1,,,,501-53
вторник,1,История медицины,практика,А515,,числитель,501-53,1,1,False,False,,медицинский,1,,,,501-53
вторник,1,Медиц. информатика,практика,У607,,знаменатель,501-53,1,1,False,False,,медицинский,1,,,,501-53
вторник,2,Анатомия человека Анатомия человека,практика,А24,,числитель,501-53,1,2,False,False,,медицинский,1,,,,501-53
вторник,2,Анатомия человека Анатомия человека,практика,А22,,числитель,501-53,2,2,False,False,,медицинский,1,,,,501-53
вторник,2,Анатомия человека Анатомия человека,практика,А24,,числитель,501-53,1,2,False,False,,медицинский,1,,,,501-53
вторник,2,Анатомия человека Анатомия человека,практика,А22,,числитель,501-53,2,2,False,False,,медицинский,1,,,,501-53
вторник,3,Физич. культура и спорт Элект. дисциплины по физ. культуре и спорту,лекция,,,числитель,501-53,,0,False,False,,медицинский,1,,,,501-53
вторник,3,Элект. дисциплины по физ. культуре и спорту,лекция,С,,знаменатель,501-53,,0,False,False,,медицинский,1,,,,501-53
среда,2,Биология курсом ГЧ,практика,А423,,обе недели,501-53,1,2,False,False,,медицинский,1,,,,501-53
среда,2,Анатомия человека,практика,А22,,обе недели,501-53,2,2,False,False,,медицинский,1,,,,501-53
среда,2,Биология курсом ГЧ,практика,А423,,обе недели,501-53,1,2,False,False,,медицинский,1,,,,501-53
среда,2,Анатомия человека,практика,А22,,обе недели,501-53,2,2,False,False,,медицинский,1,,,,501-53
среда,3,История медицины,практика,А515,,обе недели,501-53,,0,False,False,,медицинский,1,,,,501-53
среда,4,Основы российской государственности,практика,А515,,обе недели,501-53,,0,False,False,,медицинский,1,,,,501-53
четверг,2,Биология курсом ГЧ,практика,А423,,обе недели,501-53,2,1,False,False,,медицинский,1,,,,501-53
четверг,3,Анатомия человека,практика,А24,,числитель,501-53,1,2,False,False,,медицинский,1,,,,501-53
четверг,3,Анатомия человека,практика,А24,,числитель,501-53,1,2,False,False,,медицинский,1,,,,501-53
четверг,3,Иностранный язык,практика,А501,,знаменатель,501-53,2,2,False,False,,медицинский,1,,,,501-53
четверг,3,Иностранный язык,практика,А501,,знаменатель,501-53,2,2,False,False,,медицинский,1,,,,501-53
четверг,4,Основы психологии в медицине,лекция,А436,,числитель,501-53,,0,False,False,,медицинский,1,,,,501-53
четверг,4,Медицинская информатика,лекция,А2Б,,знаменатель,501-53,,0,False,False,,медицинский,1,,,,501-53
четверг,5,Медиц. информатика,практика,У607,,обе недели,501-53,1,1,False,False,,медицинский,1,,,,501-53
пятница,1,"Гистология, эмбр., цит.",практика,А532,,обе недели,501-53,1,2,False,False,,медицинский,1,,,,501-53
пятница,1,Медиц. информатика,практика,У606,,обе недели,501-53,2,2,False,False,,медицинский,1,,,,501-53
пятница,1,"Гистология, эмбр., цит.",практика,А532,,обе недели,501-53,1,2,False,False,,медицинский,1,,,,501-53
пятница,1,Медиц. информатика,практика,У606,,обе недели,501-53,2,2,False,False,,медицинский,1,,,,501-53
пятница,2,"Гистология, эмбр., цит.",практика,А532,,числитель,501-53,1,2,False,False,,медицинский,1,,,,501-53
пятница,2,"Гистология, эмбр., цит.",практика,А532,,числитель,501-53,1,2,False,False,,медицинский,1,,,,501-53
пятница,2,Медиц. информатика,практика,У606,,знаменатель,501-53,2,2,False,False,,медицинский,1,,,,501-53
пятница,2,Медиц. информатика,практика,У606,,знаменатель,501-53,2,2,False,False,,медицинский,1,,,,501-53
пятница,3,Иностранный язык,практика,А517,,обе недели,501-53,1,1,False,False,,медицинский,1,,,,501-53
пятница,5,Элективные дисциплины по физической культуре и спорту,лекция,С,,обе недели,501-53,,0,False,False,,медицинский,1,,,,501-53
суббота,1,Основы психологии в медицине,практика,А515,,обе недели,501-53,,0,False,False,,медицинский,1,,,,501-53
суббота,2,История России,практика,А514,,обе недели,501-53,,0,False,False,,медицинский,1,,,,501-53
суббота,3,Философия,практика,А304,,числитель,501-53,,0,False,False,,медицинский,1,,,,501-53
суббота,4,Безопасность жизнедеятельности,практика,А410,,числитель,501-53,,0,False,False,,медицинский,1,,,,501-53
понедельник,2,Анатомия человека,лекция,А2Б,,числитель,501-54,,0,False,False,,медицинский,1,,,,501-54
понедельник,2,Биология курсом генетики человека,лекция,А436,,знаменатель,501-54,,0,False,False,,медицинский,1,,,,501-54
понедельник,2,Биология курсом генетики человека,лекция,С,,знаменатель,501-54,,0,False,False,,медицинский,1,,,,501-54
понедельник,3,"Гистология, эмбриология, цитология",лекция,А2Б,,числитель,501-54,,0,False,False,,медицинский,1,,,,501-54
понедельник,3,История медицины,лекция,А436,,знаменатель,501-54,,0,False,False,,медицинский,1,,,,501-54
понедельник,4,Иностранный язык,практика,А516,,обе недели,501-54,1,2,False,False,,медицинский,1,,,,501-54
понедельник,4,Биология курсом ГЧ,практика,А423,,обе недели,501-54,2,2,False,False,,медицинский,1,,,,501-54
понедельник,4,Иностранный язык,практика,А516,,обе недели,501-54,1,2,False,False,,медицинский,1,,,,501-54
понедельник,4,Биология курсом ГЧ,практика,А423,,обе недели,501-54,2,2,False,False,,медицинский,1,,,,501-54
понедельник,5,Анатомия человека,практика,А24,,числитель,501-54,1,2,False,False,,медицинский,1,,,,501-54
понедельник,5,Анатомия человека,практика,А22,,знаменатель,501-54,2,2,False,False,,медицинский,1,,,,501-54
понедельник,5,Анатомия человека,практика,А24,,числитель,501-54,1,2,False,False,,медицинский,1,,,,501-54
понедельник,5,Анатомия человека,практика,А22,,знаменатель,501-54,2,2,False,False,,медицинский,1,,,,501-54
вторник,1,Медиц. информатика,практика,У607,,числитель,501-54,1,1,False,False,,медицинский,1,,,,501-54
вторник,2,Медиц. информатика,практика,У607,,обе недели,501-54,1,2,False,False,,медицинский,1,,,,501-54
вторник,2,"Гистология, эмбр., цит.",практика,А533,,обе недели,501-54,2,2,False,False,,медицинский,1,,,,501-54
вторник,2,Медиц. информатика,практика,У607,,обе недели,501-54,1,2,False,False,,медицинский,1,,,,501-54
вторник,2,"Гистология, эмбр., цит.",практика,А533,,обе недели,501-54,2,2,False,False,,медицинский,1,,,,501-54
вторник,3,Анатомия человека,практика,А24,,обе недели,501-54,1,2,False,False,,медицинский,1,,,,501-54
вторник,3,"Гистология, эмбр., цит.",практика,А533,,обе недели,501-54,2,2,False,False,,медицинский,1,,,,501-54
вторник,3,Анатомия человека,практика,А24,,обе недели,501-54,1,2,False,False,,медицинский,1,,,,501-54
вторник,3,"Гистология, эмбр., цит.",практика,А533,,обе недели,501-54,2,2,False,False,,медицинский,1,,,,501-54
вторник,4,Физич. культура и спорт Элект. дисциплины по физ. культуре и спорту,лекция,,,числитель,501-54,,0,False,False,,медицинский,1,,,,501-54
вторник,4,Элект. дисциплины по физ. культуре и спорту,лекция,С,,знаменатель,501-54,,0,False,False,,медицинский,1,,,,501-54
среда,2,Медиц. информатика,практика,У606,,знаменатель,501-54,2,1,False,False,,медицинский,1,,,,501-54
среда,3,Медиц. информатика,практика,У606,,обе недели,501-54,2,1,False,False,,медицинский,1,,,,501-54
среда,4,Иностранный язык,практика,А517,,обе недели,501-54,2,1,False,False,,медицинский,1,,,,501-54
среда,5,Основы российской государственности,практика,А515,,обе недели,501-54,,0,False,False,,медицинский,1,,,,501-54
четверг,2,Основы психологии в медицине,практика,А613,,обе недели,501-54,,0,False,False,,медицинский,1,,,,501-54
четверг,3,Биология курсом ГЧ,практика,А423,,обе недели,501-54,1,2,False,False,,медицинский,1,,,,501-54
четверг,3,Анатомия человека,практика,А22,,обе недели,501-54,2,2,False,False,,медицинский,1,,,,501-54
четверг,3,Биология курсом ГЧ,практика,А423,,обе недели,501-54,1,2,False,False,,медицинский,1,,,,501-54
четверг,3,Анатомия человека,практика,А22,,обе недели,501-54,2,2,False,False,,медицинский,1,,,,501-54
четверг,4,Основы психологии в медицине,лекция,А436,,числитель,501-54,,0,False,False,,медицинский,1,,,,501-54
четверг,4,Медицинская информатика,лекция,А2Б,,знаменатель,501-54,,0,False,False,,медицинский,1,,,,501-54
пятница,1,История медицины,практика,А515,,числитель,501-54,,0,False,False,,медицинский,1,,,,501-54
пятница,2,История медицины,практика,А515,,обе недели,501-54,,0,False,False,,медицинский,1,,,,501-54
пятница,3,"Гистология, эмбр., цит.",практика,А532,,обе недели,501-54,1,1,False,False,,медицинский,1,,,,501-54
пятница,4,"Гистология, эмбр., цит.",практика,А532,,обе недели,501-54,1,1,False,False,,медицинский,1,,,,501-54
суббота,1,Безопасность жизнедеятельности,практика,А304,,знаменатель,501-54,,0,False,False,,медицинский,1,,,,501-54
суббота,2,Философия,практика,А304,,знаменатель,501-54,,0,False,False,,медицинский,1,,,,501-54
суббота,3,"История России , А",практика,А514,,обе недели,501-54,,0,False,False,,медицинский,1,,,,501-54
суббота,4,Элективные дисциплины по физической культуре и спорту,лекция,С,,обе недели,501-54,,0,False,False,,медицинский,1,,,,501-54
понедельник,4,4 Нормальн. физиология 4 Сестринское дело,практика,А432,Кушнырь Любовь Александровна,числитель,501-44,2,2,False,False,,медицинский,2,,,Кушнырь Любовь Александровна,501-44
понедельник,4,4 Нормальн. физиология 4 Сестринское дело,практика,А432,Кушнырь Любовь Александровна,числитель,501-44,2,2,False,False,,медицинский,2,,,Кушнырь Любовь Александровна,501-44
понедельник,4,"4 Микробиология, вирусол. Гигиена",практика,А632,Кушнырь Любовь Александровна,знаменатель,501-44,1,2,False,False,,медицинский,2,,,Кушнырь Любовь Александровна,501-44
понедельник,4,"4 Микробиология, вирусол. Гигиена",практика,А431,Кушнырь Любовь Александровна,знаменатель,501-44,2,2,False,False,,медицинский,2,,,Кушнырь Любовь Александровна,501-44
понедельник,4,"4 Микробиология, вирусол. Гигиена",практика,А632,Кушнырь Любовь Александровна,знаменатель,501-44,1,2,False,False,,медицинский,2,,,Кушнырь Любовь Александровна,501-44
понедельник,4,"4 Микробиология, вирусол. Гигиена",практика,А431,Кушнырь Любовь Александровна,знаменатель,501-44,2,2,False,False,,медицинский,2,,,Кушнырь Любовь Александровна,501-44
понедельник,5,Биохимия----------------- 5 Нормальн. физиология 5 Сестринское дело 5------------------------------------------------------------------,практика,А424,Громова Г.Г.,обе недели,501-44,1,2,False,False,,медицинский,2,,,Громова Г.Г.,501-44
понедельник,5,Биохимия----------------- 5 Нормальн. физиология 5 Сестринское дело 5------------------------------------------------------------------,практика,А432,Орехова Е.Ю.,обе недели,501-44,2,2,False,False,,медицинский,2,,,Орехова Е.Ю.,501-44
понедельник,5,Биохимия----------------- 5 Нормальн. физиология 5 Сестринское дело 5------------------------------------------------------------------,практика,А424,Громова Г.Г.,обе недели,501-44,1,2,False,False,,медицинский,2,,,Громова Г.Г.,501-44
понедельник,5,Биохимия----------------- 5 Нормальн. физиология 5 Сестринское дело 5------------------------------------------------------------------,практика,А432,Орехова Е.Ю.,обе недели,501-44,2,2,False,False,,медицинский,2,,,Орехова Е.Ю.,501-44
понедельник,6,Биохимия,практика,А424,Громова Г.Г.,обе недели,501-44,1,2,False,False,,медицинский,2,,,Громова Г.Г.,501-44
понедельник,6,"Гигиена 6 Психология и педагогика 6 Учебная практика ( 17.00) 6 Микробиология, вирусол.",практика,А431,Повзун А.А.,обе недели,501-44,2,2,False,False,,медицинский,2,,,Повзун А.А.,501-44
понедельник,6,Биохимия,практика,А424,Громова Г.Г.,обе недели,501-44,1,2,False,False,,медицинский,2,,,Громова Г.Г.,501-44
понедельник,6,"Гигиена 6 Психология и педагогика 6 Учебная практика ( 17.00) 6 Микробиология, вирусол.",практика,А431,Повзун А.А.,обе недели,501-44,2,2,False,False,,медицинский,2,,,Повзун А.А.,501-44
вторник,1,"Микробиология, вирусол. Сестринское дело",практика,А632,Мальцев Виктор Петрович,числитель,501-44,1,3,False,False,,медицинский,2,,,Мальцев Виктор Петрович,501-44
вторник,1,"Микробиология, вирусол. Сестринское дело",практика,А30,Мальцев Виктор Петрович,числитель,501-44,3,3,False,False,,медицинский,2,,,Мальцев Виктор Петрович,501-44
вторник,1,"Микробиология, вирусол. Сестринское дело",практика,А632,Мальцев Виктор Петрович,числитель,501-44,1,3,False,False,,медицинский,2,,,Мальцев Виктор Петрович,501-44
вторник,1,"Микробиология, вирусол. Сестринское дело",практика,А30,Мальцев Виктор Петрович,числитель,501-44,3,3,False,False,,медицинский,2,,,Мальцев Виктор Петрович,501-44
вторник,1,"Микробиология, вирусол. Сестринское дело",практика,А632,Мальцев Виктор Петрович,числитель,501-44,1,3,False,False,,медицинский,2,,,Мальцев Виктор Петрович,501-44
вторник,1,"Микробиология, вирусол. Сестринское дело",практика,А30,Мальцев Виктор Петрович,числитель,501-44,3,3,False,False,,медицинский,2,,,Мальцев Виктор Петрович,501-44
вторник,1,ВТ 1 Гигиена ВТ 1 Биохимия Нормальн. физиология ВТ 1 Сестринское дело,практика,А420,Мальцев Виктор Петрович,знаменатель,501-44,1,3,False,False,,медицинский,2,,,Мальцев Виктор Петрович,501-44
вторник,1,ВТ 1 Гигиена ВТ 1 Биохимия Нормальн. физиология ВТ 1 Сестринское дело,практика,А431,Мальцев Виктор Петрович,знаменатель,501-44,2,3,False,False,,медицинский,2,,,Мальцев Виктор Петрович,501-44
вторник,1,ВТ 1 Гигиена ВТ 1 Биохимия Нормальн. физиология ВТ 1 Сестринское дело,практика,А420,Мальцев Виктор Петрович,знаменатель,501-44,1,3,False,False,,медицинский,2,,,Мальцев Виктор Петрович,501-44
вторник,1,ВТ 1 Гигиена ВТ 1 Биохимия Нормальн. физиология ВТ 1 Сестринское дело,практика,А431,Мальцев Виктор Петрович,знаменатель,501-44,2,3,False,False,,медицинский,2,,,Мальцев Виктор Петрович,501-44
вторник,1,ВТ 1 Гигиена ВТ 1 Биохимия Нормальн. физиология ВТ 1 Сестринское дело,практика,А420,Мальцев Виктор Петрович,знаменатель,501-44,1,3,False,False,,медицинский,2,,,Мальцев Виктор Петрович,501-44
вторник,1,ВТ 1 Гигиена ВТ 1 Биохимия Нормальн. физиология ВТ 1 Сестринское дело,практика,А431,Мальцев Виктор Петрович,знаменатель,501-44,2,3,False,False,,медицинский,2,,,Мальцев Виктор Петрович,501-44
вторник,2,----------------- Сестринское дело 2 Сестринское дело------------------- 2 Биохимия Нормальн. физиология 2,практика,А30,.Мальцев В.П.,числитель,501-44,1,3,False,False,,медицинский,2,,,.Мальцев В.П.,501-44
вторник,2,----------------- Сестринское дело 2 Сестринское дело------------------- 2 Биохимия Нормальн. физиология 2,практика,А432,.Мальцев В.П.,числитель,501-44,2,3,False,False,,медицинский,2,,,.Мальцев В.П.,501-44
вторник,2,----------------- Сестринское дело 2 Сестринское дело------------------- 2 Биохимия Нормальн. физиология 2,практика,А30,.Мальцев В.П.,числитель,501-44,3,3,False,False,,медицинский,2,,,.Мальцев В.П.,501-44
вторник,2,Сестринское дело,практика,А30,.Мальцев В.П.,знаменатель,501-44,1,3,False,False,,медицинский,2,,,.Мальцев В.П.,501-44
вторник,2,----------------- Сестринское дело 2 Сестринское дело------------------- 2 Биохимия Нормальн. физиология 2,практика,А30,.Мальцев В.П.,числитель,501-44,1,3,False,False,,медицинский,2,,,.Мальцев В.П.,501-44
вторник,2,----------------- Сестринское дело 2 Сестринское дело------------------- 2 Биохимия Нормальн. физиология 2,практика,А432,.Мальцев В.П.,числитель,501-44,2,3,False,False,,медицинский,2,,,.Мальцев В.П.,501-44
вторник,2,----------------- Сестринское дело 2 Сестринское дело------------------- 2 Биохимия Нормальн. физиология 2,практика,А30,.Мальцев В.П.,числитель,501-44,3,3,False,False,,медицинский,2,,,.Мальцев В.П.,501-44
вторник,2,Сестринское дело,практика,А30,.Мальцев В.П.,знаменатель,501-44,1,3,False,False,,медицинский,2,,,.Мальцев В.П.,501-44
вторник,2,----------------- Сестринское дело 2 Сестринское дело------------------- 2 Биохимия Нормальн. физиология 2,практика,А30,.Мальцев В.П.,числитель,501-44,1,3,False,False,,медицинский,2,,,.Мальцев В.П.,501-44
вторник,2,----------------- Сестринское дело 2 Сестринское дело------------------- 2 Биохимия Нормальн. физиология 2,практика,А432,.Мальцев В.П.,числитель,501-44,2,3,False,False,,медицинский,2,,,.Мальцев В.П.,501-44
вторник,2,----------------- Сестринское дело 2 Сестринское дело------------------- 2 Биохимия Нормальн. физиология 2,практика,А30,.Мальцев В.П.,числитель,501-44,3,3,False,False,,медицинский,2,,,.Мальцев В.П.,501-44
вторник,2,Сестринское дело,практика,А30,.Мальцев В.П.,знаменатель,501-44,1,3,False,False,,медицинский,2,,,.Мальцев В.П.,501-44
вторник,3,Гигиена,практика,А431,,обе недели,501-44,1,3,False,False,,медицинский,2,,,,501-44
вторник,3,Адап. и возр.физиология 3 Сестринское дело,практика,А30,,обе недели,501-44,1,3,False,False,,медицинский,2,,,,501-44
вторник,3,Адап. и возр.физиология 3 Сестринское дело,практика,А22,,обе недели,501-44,2,3,False,False,,медицинский,2,,,,501-44
вторник,3,"Микробиология, вирус. 3 Правоведение 3 Сестринское дело",практика,А632,,обе недели,501-44,2,3,False,False,,медицинский,2,,,,501-44
вторник,3,"Микробиология, вирус. 3 Правоведение 3 Сестринское дело",практика,А30,,обе недели,501-44,3,3,False,False,,медицинский,2,,,,501-44
вторник,3,Гигиена,практика,А431,,обе недели,501-44,1,3,False,False,,медицинский,2,,,,501-44
вторник,3,Адап. и возр.физиология 3 Сестринское дело,практика,А30,,обе недели,501-44,1,3,False,False,,медицинский,2,,,,501-44
вторник,3,Адап. и возр.физиология 3 Сестринское дело,практика,А22,,обе недели,501-44,2,3,False,False,,медицинский,2,,,,501-44
вторник,3,"Микробиология, вирус. 3 Правоведение 3 Сестринское дело",практика,А632,,обе недели,501-44,2,3,False,False,,медицинский,2,,,,501-44
вторник,3,"Микробиология, вирус. 3 Правоведение 3 Сестринское дело",практика,А30,,обе недели,501-44,3,3,False,False,,медицинский,2,,,,501-44
вторник,3,Гигиена,практика,А431,,обе недели,501-44,1,3,False,False,,медицинский,2,,,,501-44
вторник,3,Адап. и возр.физиология 3 Сестринское дело,практика,А30,,обе недели,501-44,1,3,False,False,,медицинский,2,,,,501-44
вторник,3,Адап. и возр.физиология 3 Сестринское дело,практика,А22,,обе недели,501-44,2,3,False,False,,медицинский,2,,,,501-44
вторник,3,"Микробиология, вирус. 3 Правоведение 3 Сестринское дело",практика,А632,,обе недели,501-44,2,3,False,False,,медицинский,2,,,,501-44
вторник,3,"Микробиология, вирус. 3 Правоведение 3 Сестринское дело",практика,А30,,обе недели,501-44,3,3,False,False,,медицинский,2,,,,501-44
вторник,4,Правоведение 4 Адап.и возр.физиология,практика,А22,Повзун Александр Андреевич,обе недели,501-44,1,2,False,False,,медицинский,2,,,Повзун Александр Андреевич,501-44
вторник,4,Сестринское дело 4 Психология и педагогика 4 Психология и педагогика,практика,А30,Повзун Александр Андреевич,обе недели,501-44,3,2,False,False,,медицинский,2,,,Повзун Александр Андреевич,501-44
вторник,4,Правоведение 4 Адап.и возр.физиология,практика,А22,Повзун Александр Андреевич,обе недели,501-44,1,2,False,False,,медицинский,2,,,Повзун Александр Андреевич,501-44
вторник,4,Сестринское дело 4 Психология и педагогика 4 Психология и педагогика,практика,А30,Повзун Александр Андреевич,обе недели,501-44,3,2,False,False,,медицинский,2,,,Повзун Александр Андреевич,501-44
вторник,5,"Иностранный язык 5 Микробиология, вирус.",практика,А632,Гусаченко Людмила Александровна,числитель,501-44,1,3,False,False,,медицинский,2,,,Гусаченко Людмила Александровна,501-44
вторник,5,"Иностранный язык 5 Микробиология, вирус.",практика,А518,Гусаченко Людмила Александровна,числитель,501-44,2,3,False,False,,медицинский,2,,,Гусаченко Людмила Александровна,501-44
вторник,5,"Иностранный язык 5 Микробиология, вирус.",практика,А632,Гусаченко Людмила Александровна,числитель,501-44,1,3,False,False,,медицинский,2,,,Гусаченко Людмила Александровна,501-44
вторник,5,"Иностранный язык 5 Микробиология, вирус.",практика,А518,Гусаченко Людмила Александровна,числитель,501-44,2,3,False,False,,медицинский,2,,,Гусаченко Людмила Александровна,501-44
вторник,5,"Иностранный язык 5 Микробиология, вирус.",практика,А632,Гусаченко Людмила Александровна,числитель,501-44,1,3,False,False,,медицинский,2,,,Гусаченко Людмила Александровна,501-44
вторник,5,"Иностранный язык 5 Микробиология, вирус.",практика,А518,Гусаченко Людмила Александровна,числитель,501-44,2,3,False,False,,медицинский,2,,,Гусаченко Людмила Александровна,501-44
вторник,5,Сестринское дело 5 5 Адап. и возр.физиология Нормальн. физиология,практика,А22,Гусаченко Людмила Александровна,знаменатель,501-44,1,3,False,False,,медицинский,2,,,Гусаченко Людмила Александровна,501-44
вторник,5,Сестринское дело 5 5 Адап. и возр.физиология Нормальн. физиология,практика,А433,Гусаченко Людмила Александровна,знаменатель,501-44,2,3,False,False,,медицинский,2,,,Гусаченко Людмила Александровна,501-44
вторник,5,Сестринское дело 5 5 Адап. и возр.физиология Нормальн. физиология,практика,А30,Гусаченко Людмила Александровна,знаменатель,501-44,3,3,False,False,,медицинский,2,,,Гусаченко Людмила Александровна,501-44
вторник,5,Сестринское дело 5 5 Адап. и возр.физиология Нормальн. физиология,практика,А22,Гусаченко Людмила Александровна,знаменатель,501-44,1,3,False,False,,медицинский,2,,,Гусаченко Людмила Александровна,501-44
вторник,5,Сестринское дело 5 5 Адап. и возр.физиология Нормальн. физиология,практика,А433,Гусаченко Людмила Александровна,знаменатель,501-44,2,3,False,False,,медицинский,2,,,Гусаченко Людмила Александровна,501-44
вторник,5,Сестринское дело 5 5 Адап. и возр.физиология Нормальн. физиология,практика,А30,Гусаченко Людмила Александровна,знаменатель,501-44,3,3,False,False,,медицинский,2,,,Гусаченко Людмила Александровна,501-44
вторник,5,Сестринское дело 5 5 Адап. и возр.физиология Нормальн. физиология,практика,А22,Гусаченко Людмила Александровна,знаменатель,501-44,1,3,False,False,,медицинский,2,,,Гусаченко Людмила Александровна,501-44
вторник,5,Сестринское дело 5 5 Адап. и возр.физиология Нормальн. физиология,практика,А433,Гусаченко Людмила Александровна,знаменатель,501-44,2,3,False,False,,медицинский,2,,,Гусаченко Людмила Александровна,501-44
вторник,5,Сестринское дело 5 5 Адап. и возр.физиология Нормальн. физиология,практика,А30,Гусаченко Людмила Александровна,знаменатель,501-44,3,3,False,False,,медицинский,2,,,Гусаченко Людмила Александровна,501-44
вторник,6,6------------------------------ 6 6 Нормальн. физиология,практика,А433,Гусаченко Людмила Александровна,обе недели,501-44,2,1,False,False,,медицинский,2,,,Гусаченко Людмила Александровна,501-44
среда,1,Сестринское дело,практика,А30,,числитель,501-44,1,1,False,False,,медицинский,2,,,,501-44
среда,1,СР 1 СР 1 СР 1 Биохимия,практика,А420,,знаменатель,501-44,1,1,False,False,,медицинский,2,,,,501-44
среда,2,Сестринское дело 2 2 2 Биохимия,практика,А30,"Громова Г.Г., Повзун А.А./Гюльмагомедова М.В.",обе недели,501-44,1,1,False,False,,медицинский,2,,,"Громова Г.Г., Повзун А.А./Гюльмагомедова М.В.",501-44
среда,3,Нормальная физиология Биохимия 3 Нормальная физиология Биохимия 3 Биохимия Нормальная физиология 3 Биохимия,лекция,А636,Литовченко О.Г.,числитель,501-44,,0,False,False,,медицинский,2,,,Литовченко О.Г.,501-44
среда,3,Нормальная физиология Биохимия 3 Нормальная физиология Биохимия 3 Биохимия Нормальная физиология 3 Биохимия,лекция,А436,Литовченко О.Г.,числитель,501-44,,0,False,False,,медицинский,2,,,Литовченко О.Г.,501-44
среда,3,Нормальная физиология,лекция,А436,Юрина М.А.,знаменатель,501-44,,0,False,False,,медицинский,2,,,Юрина М.А.,501-44
среда,4,"Гигиена Микробиология, вирусология 4 Гигиена Микробиология, вирусология 4 Микробиология, вирусология Гигиена 4 Микробиология, вирусология",лекция,А2Б,Куяров А.А.,числитель,501-44,,0,False,False,,медицинский,2,,,Куяров А.А.,501-44
среда,4,"Гигиена Микробиология, вирусология 4 Гигиена Микробиология, вирусология 4 Микробиология, вирусология Гигиена 4 Микробиология, вирусология",лекция,А436,Куяров А.А.,числитель,501-44,,0,False,False,,медицинский,2,,,Куяров А.А.,501-44
среда,4,Гигиена,лекция,А2Б,Павловская В.С.,знаменатель,501-44,,0,False,False,,медицинский,2,,,Павловская В.С.,501-44
среда,5,Основы предпринимательской деятельности,практика,А615,Гусаченко Людмила Александровна,числитель,501-44,1,2,False,False,,медицинский,2,,,Гусаченко Людмила Александровна,501-44
среда,5,Основы предпринимательской деятельности,практика,А615,Гусаченко Людмила Александровна,числитель,501-44,2,2,False,False,,медицинский,2,,,Гусаченко Людмила Александровна,501-44
среда,5,5 Правоведение 5 Иностранный язык Иностранный язык 5,практика,А516,Гусаченко Людмила Александровна,знаменатель,501-44,1,2,False,False,,медицинский,2,,,Гусаченко Людмила Александровна,501-44
среда,5,5 Правоведение 5 Иностранный язык Иностранный язык 5,практика,А517,Гусаченко Людмила Александровна,знаменатель,501-44,2,2,False,False,,медицинский,2,,,Гусаченко Людмила Александровна,501-44
среда,5,5 Правоведение 5 Иностранный язык Иностранный язык 5,практика,А516,Гусаченко Людмила Александровна,знаменатель,501-44,1,2,False,False,,медицинский,2,,,Гусаченко Людмила Александровна,501-44
среда,5,5 Правоведение 5 Иностранный язык Иностранный язык 5,практика,А517,Гусаченко Людмила Александровна,знаменатель,501-44,2,2,False,False,,медицинский,2,,,Гусаченко Людмила Александровна,501-44
среда,6,6 Основы предпринимательской деятельности 6,практика,А615,Гусаченко Людмила Александровна,числитель,501-44,,0,False,False,,медицинский,2,,,Гусаченко Людмила Александровна,501-44
среда,6,Основы предпринимательской деятельности 6,практика,А615,Гусаченко Людмила Александровна,знаменатель,501-44,,0,False,False,,медицинский,2,,,Гусаченко Людмила Александровна,501-44
четверг,4,"Адап. и возр.физиология Нормальная физиология 4 Биохимия Иностранный язык 4 Микробиология, вирусол. Гигиена 4 Иностранный язык Сестринское дело",практика,А22,Никонова Наталия Петровна,числитель,501-44,1,3,False,False,,медицинский,2,,,Никонова Наталия Петровна,501-44
четверг,4,"Адап. и возр.физиология Нормальная физиология 4 Биохимия Иностранный язык 4 Микробиология, вирусол. Гигиена 4 Иностранный язык Сестринское дело",практика,А432,Никонова Наталия Петровна,числитель,501-44,2,3,False,False,,медицинский,2,,,Никонова Наталия Петровна,501-44
четверг,4,"Адап. и возр.физиология Нормальная физиология 4 Биохимия Иностранный язык 4 Микробиология, вирусол. Гигиена 4 Иностранный язык Сестринское дело",практика,А30,Никонова Наталия Петровна,числитель,501-44,3,3,False,False,,медицинский,2,,,Никонова Наталия Петровна,501-44
четверг,4,"Адап. и возр.физиология Нормальная физиология 4 Биохимия Иностранный язык 4 Микробиология, вирусол. Гигиена 4 Иностранный язык Сестринское дело",практика,А22,Никонова Наталия Петровна,числитель,501-44,1,3,False,False,,медицинский,2,,,Никонова Наталия Петровна,501-44
четверг,4,"Адап. и возр.физиология Нормальная физиология 4 Биохимия Иностранный язык 4 Микробиология, вирусол. Гигиена 4 Иностранный язык Сестринское дело",практика,А432,Никонова Наталия Петровна,числитель,501-44,2,3,False,False,,медицинский,2,,,Никонова Наталия Петровна,501-44
четверг,4,"Адап. и возр.физиология Нормальная физиология 4 Биохимия Иностранный язык 4 Микробиология, вирусол. Гигиена 4 Иностранный язык Сестринское дело",практика,А30,Никонова Наталия Петровна,числитель,501-44,3,3,False,False,,медицинский,2,,,Никонова Наталия Петровна,501-44
четверг,4,"Адап. и возр.физиология Нормальная физиология 4 Биохимия Иностранный язык 4 Микробиология, вирусол. Гигиена 4 Иностранный язык Сестринское дело",практика,А22,Никонова Наталия Петровна,числитель,501-44,1,3,False,False,,медицинский,2,,,Никонова Наталия Петровна,501-44
четверг,4,"Адап. и возр.физиология Нормальная физиология 4 Биохимия Иностранный язык 4 Микробиология, вирусол. Гигиена 4 Иностранный язык Сестринское дело",практика,А432,Никонова Наталия Петровна,числитель,501-44,2,3,False,False,,медицинский,2,,,Никонова Наталия Петровна,501-44
четверг,4,"Адап. и возр.физиология Нормальная физиология 4 Биохимия Иностранный язык 4 Микробиология, вирусол. Гигиена 4 Иностранный язык Сестринское дело",практика,А30,Никонова Наталия Петровна,числитель,501-44,3,3,False,False,,медицинский,2,,,Никонова Наталия Петровна,501-44
четверг,5,Иностранный язык Нормальная физиология 5 Биохимия Сестринское дело 5-------------------------------------------------- 5 Сестринское дело,практика,А516,Повзун Александр Андреевич,числитель,501-44,1,2,False,False,,медицинский,2,,,Повзун Александр Андреевич,501-44
четверг,5,Иностранный язык Нормальная физиология 5 Биохимия Сестринское дело 5-------------------------------------------------- 5 Сестринское дело,практика,А432,Повзун Александр Андреевич,числитель,501-44,2,2,False,False,,медицинский,2,,,Повзун Александр Андреевич,501-44
четверг,5,Иностранный язык Нормальная физиология 5 Биохимия Сестринское дело 5-------------------------------------------------- 5 Сестринское дело,практика,А516,Повзун Александр Андреевич,числитель,501-44,1,2,False,False,,медицинский,2,,,Повзун Александр Андреевич,501-44
четверг,5,Иностранный язык Нормальная физиология 5 Биохимия Сестринское дело 5-------------------------------------------------- 5 Сестринское дело,практика,А432,Повзун Александр Андреевич,числитель,501-44,2,2,False,False,,медицинский,2,,,Повзун Александр Андреевич,501-44
четверг,6,6 6 Адап. и возр.физиология,практика,А431,Морозкина Анна Владимировна,обе недели,501-44,1,2,False,False,,медицинский,2,,,Морозкина Анна Владимировна,501-44
четверг,6,"Микробиология, вирус. 6 Сестринское дело",практика,А632,Морозкина Анна Владимировна,обе недели,501-44,2,2,False,False,,медицинский,2,,,Морозкина Анна Владимировна,501-44
четверг,6,6 6 Адап. и возр.физиология,практика,А431,Морозкина Анна Владимировна,обе недели,501-44,1,2,False,False,,медицинский,2,,,Морозкина Анна Владимировна,501-44
четверг,6,"Микробиология, вирус. 6 Сестринское дело",практика,А632,Морозкина Анна Владимировна,обе недели,501-44,2,2,False,False,,медицинский,2,,,Морозкина Анна Владимировна,501-44
пятница,1,Биохимия ПТ 1 Норм. физиология ПТ 1 Сестринское дело,практика,А432,Куяров Артем Александрович,числитель,501-44,1,2,False,False,,медицинский,2,,,Куяров Артем Александрович,501-44
пятница,1,Биохимия ПТ 1 Норм. физиология ПТ 1 Сестринское дело,практика,А420,Куяров Артем Александрович,числитель,501-44,2,2,False,False,,медицинский,2,,,Куяров Артем Александрович,501-44
пятница,1,Биохимия ПТ 1 Норм. физиология ПТ 1 Сестринское дело,практика,А432,Куяров Артем Александрович,числитель,501-44,1,2,False,False,,медицинский,2,,,Куяров Артем Александрович,501-44
пятница,1,Биохимия ПТ 1 Норм. физиология ПТ 1 Сестринское дело,практика,А420,Куяров Артем Александрович,числитель,501-44,2,2,False,False,,медицинский,2,,,Куяров Артем Александрович,501-44
пятница,1,Биохимия ПТ 1 Норм. физиология ПТ 1 Сестринское дело ПТ 1,практика,,Куяров Артем Александрович,обе недели,501-44,1,2,False,False,,медицинский,2,,,Куяров Артем Александрович,501-44
пятница,1,Биохимия ПТ 1 Норм. физиология ПТ 1 Сестринское дело ПТ 1,практика,,Куяров Артем Александрович,обе недели,501-44,2,2,False,False,,медицинский,2,,,Куяров Артем Александрович,501-44
пятница,2,Биохимия 2 Норм. физиология 2 Сестринское дело,практика,А432,Куяров Артем Александрович,обе недели,501-44,1,2,False,False,,медицинский,2,,,Куяров Артем Александрович,501-44
пятница,2,Биохимия 2 Норм. физиология 2 Сестринское дело,практика,А420,Куяров Артем Александрович,обе недели,501-44,2,2,False,False,,медицинский,2,,,Куяров Артем Александрович,501-44
пятница,2,Адап. и возр.физиология 2 Нормальная физиология,практика,А433,Куяров Артем Александрович,обе недели,501-44,1,2,False,False,,медицинский,2,,,Куяров Артем Александрович,501-44
пятница,2,Адап. и возр.физиология 2 Нормальная физиология,практика,А433,Куяров Артем Александрович,обе недели,501-44,2,2,False,False,,медицинский,2,,,Куяров Артем Александрович,501-44
пятница,2,Адап. и возр.физиология,практика,А22,Куяров Артем Александрович,обе недели,501-44,2,2,False,False,,медицинский,2,,,Куяров Артем Александрович,501-44
пятница,2,Биохимия 2 Норм. физиология 2 Сестринское дело,практика,А432,Куяров Артем Александрович,обе недели,501-44,1,2,False,False,,медицинский,2,,,Куяров Артем Александрович,501-44
пятница,2,Биохимия 2 Норм. физиология 2 Сестринское дело,практика,А420,Куяров Артем Александрович,обе недели,501-44,2,2,False,False,,медицинский,2,,,Куяров Артем Александрович,501-44
пятница,2,Адап. и возр.физиология 2 Нормальная физиология,практика,А433,Куяров Артем Александрович,обе недели,501-44,1,2,False,False,,медицинский,2,,,Куяров Артем Александрович,501-44
пятница,2,Адап. и возр.физиология 2 Нормальная физиология,практика,А433,Куяров Артем Александрович,обе недели,501-44,2,2,False,False,,медицинский,2,,,Куяров Артем Александрович,501-44
пятница,2,Адап. и возр.физиология,практика,А22,Куяров Артем Александрович,обе недели,501-44,2,2,False,False,,медицинский,2,,,Куяров Артем Александрович,501-44
пятница,3,Психология и педагогика 3 Психология и педагогика 3 Нормальная физиология,практика,А432,Куяров Артем Александрович,обе недели,501-44,1,2,False,False,,медицинский,2,,,Куяров Артем Александрович,501-44
пятница,3,Биохимия 3 Нормальная физиология,практика,А433,Куяров Артем Александрович,обе недели,501-44,1,2,False,False,,медицинский,2,,,Куяров Артем Александрович,501-44
пятница,3,Биохимия 3 Нормальная физиология,практика,А420,Куяров Артем Александрович,обе недели,501-44,2,2,False,False,,медицинский,2,,,Куяров Артем Александрович,501-44
пятница,3,Иностранный язык,практика,А516,Куяров Артем Александрович,обе недели,501-44,2,2,False,False,,медицинский,2,,,Куяров Артем Александрович,501-44
пятница,3,Психология и педагогика 3 Психология и педагогика 3 Нормальная физиология,практика,А432,Куяров Артем Александрович,обе недели,501-44,1,2,False,False,,медицинский,2,,,Куяров Артем Александрович,501-44
пятница,3,Биохимия 3 Нормальная физиология,практика,А433,Куяров Артем Александрович,обе недели,501-44,1,2,False,False,,медицинский,2,,,Куяров Артем Александрович,501-44
пятница,3,Биохимия 3 Нормальная физиология,практика,А420,Куяров Артем Александрович,обе недели,501-44,2,2,False,False,,медицинский,2,,,Куяров Артем Александрович,501-44
пятница,3,Иностранный язык,практика,А516,Куяров Артем Александрович,обе недели,501-44,2,2,False,False,,медицинский,2,,,Куяров Артем Александрович,501-44
пятница,4,Психология и педагогика 4 Иностранный язык,практика,А517,Коваленко Елена Ивановна,обе недели,501-44,1,2,False,False,,медицинский,2,,,Коваленко Елена Ивановна,501-44
пятница,4,Адап. и возр.физиология 4 Нормальная физиология,практика,А432,Коваленко Елена Ивановна,обе недели,501-44,1,2,False,False,,медицинский,2,,,Коваленко Елена Ивановна,501-44
пятница,4,Адап. и возр.физиология 4 Нормальная физиология,практика,А424,Коваленко Елена Ивановна,обе недели,501-44,2,2,False,False,,медицинский,2,,,Коваленко Елена Ивановна,501-44
пятница,4,Биохимия 4 Правоведение,практика,А420,Коваленко Елена Ивановна,обе недели,501-44,2,2,False,False,,медицинский,2,,,Коваленко Елена Ивановна,501-44
пятница,4,Психология и педагогика 4 Иностранный язык,практика,А517,Коваленко Елена Ивановна,обе недели,501-44,1,2,False,False,,медицинский,2,,,Коваленко Елена Ивановна,501-44
пятница,4,Адап. и возр.физиология 4 Нормальная физиология,практика,А432,Коваленко Елена Ивановна,обе недели,501-44,1,2,False,False,,медицинский,2,,,Коваленко Елена Ивановна,501-44
пятница,4,Адап. и возр.физиология 4 Нормальная физиология,практика,А424,Коваленко Елена Ивановна,обе недели,501-44,2,2,False,False,,медицинский,2,,,Коваленко Елена Ивановна,501-44
пятница,4,Биохимия 4 Правоведение,практика,А420,Коваленко Елена Ивановна,обе недели,501-44,2,2,False,False,,медицинский,2,,,Коваленко Елена Ивановна,501-44
пятница,5,Сестринское дело (лек 8 ч ) Адаптивная и возрастная физиология 5 Сестринское дело (лек 8 ч ) Адаптивная и возрастная физиология 5 Адаптивная и возрастная физиология Сестринское дело (лек 8 ч ) 5 Адаптивная и возрастная физиология,лекция,А636,Никонова Наталия Петровна,числитель,501-44,,0,False,False,,медицинский,2,,,Никонова Наталия Петровна,501-44
пятница,5,Сестринское дело (лек 8 ч ) Адаптивная и возрастная физиология 5 Сестринское дело (лек 8 ч ) Адаптивная и возрастная физиология 5 Адаптивная и возрастная физиология Сестринское дело (лек 8 ч ) 5 Адаптивная и возрастная физиология,лекция,А436,Никонова Наталия Петровна,числитель,501-44,,0,False,False,,медицинский,2,,,Никонова Наталия Петровна,501-44
пятница,5,Сестринское дело (лек 8 ч ),лекция,А636,Никонова Наталия Петровна,знаменатель,501-44,,0,False,False,,медицинский,2,,,Никонова Наталия Петровна,501-44
пятница,6,6 Сестринское дело 6 6 Основы предпринимательской деятельности,практика,А30,Луценко Е.Е.,числитель,501-44,2,1,False,False,,медицинский,2,,,Луценко Е.Е.,501-44
суббота,1,Учебная практика СБ 1 СБ 1 Сестринское дело,практика,А30,Ишбулатова Марианна Сергеевна,числитель,501-44,3,2,False,False,,медицинский,2,,,Ишбулатова Марианна Сергеевна,501-44
суббота,1,Учебная практика СБ 1 СБ 1 Сестринское дело,практика,А30,Ишбулатова Марианна Сергеевна,числитель,501-44,3,2,False,False,,медицинский,2,,,Ишбулатова Марианна Сергеевна,501-44
суббота,1,СБ 1----------------- Биохимия,практика,А420,Ишбулатова Марианна Сергеевна,знаменатель,501-44,2,2,False,False,,медицинский,2,,,Ишбулатова Марианна Сергеевна,501-44
суббота,1,СБ 1----------------- Биохимия,практика,А420,Ишбулатова Марианна Сергеевна,знаменатель,501-44,2,2,False,False,,медицинский,2,,,Ишбулатова Марианна Сергеевна,501-44
суббота,2,Нормальная физиология----------------- 2 Учебная практика 2 Сестринское дело 2 Гигиена,практика,А432,Астраханцев В.Д.,обе недели,501-44,1,3,False,False,,медицинский,2,,,Астраханцев В.Д.,501-44
суббота,2,Нормальная физиология----------------- 2 Учебная практика 2 Сестринское дело 2 Гигиена,практика,А30,Астраханцев В.Д.,обе недели,501-44,3,3,False,False,,медицинский,2,,,Астраханцев В.Д.,501-44
суббота,2,Биохимия,практика,А420,Ишбулатова М.С.,обе недели,501-44,2,3,False,False,,медицинский,2,,,Ишбулатова М.С.,501-44
суббота,2,Нормальная физиология----------------- 2 Учебная практика 2 Сестринское дело 2 Гигиена,практика,А432,Астраханцев В.Д.,обе недели,501-44,1,3,False,False,,медицинский,2,,,Астраханцев В.Д.,501-44
суббота,2,Нормальная физиология----------------- 2 Учебная практика 2 Сестринское дело 2 Гигиена,практика,А30,Астраханцев В.Д.,обе недели,501-44,3,3,False,False,,медицинский,2,,,Астраханцев В.Д.,501-44
суббота,2,Биохимия,практика,А420,Ишбулатова М.С.,обе недели,501-44,2,3,False,False,,медицинский,2,,,Ишбулатова М.С.,501-44
суббота,2,Нормальная физиология----------------- 2 Учебная практика 2 Сестринское дело 2 Гигиена,практика,А432,Астраханцев В.Д.,обе недели,501-44,1,3,False,False,,медицинский,2,,,Астраханцев В.Д.,501-44
суббота,2,Нормальная физиология----------------- 2 Учебная практика 2 Сестринское дело 2 Гигиена,практика,А30,Астраханцев В.Д.,обе недели,501-44,3,3,False,False,,медицинский,2,,,Астраханцев В.Д.,501-44
суббота,2,Биохимия,практика,А420,Ишбулатова М.С.,обе недели,501-44,2,3,False,False,,медицинский,2,,,Ишбулатова М.С.,501-44
суббота,3,Нормальная физиология,практика,А432,Астраханцев В.Д.,обе недели,501-44,1,2,False,False,,медицинский,2,,,Астраханцев В.Д.,501-44
суббота,3,"Микробиология, вирусол. 3 Гигиена",практика,А431,Луценко Е.Е,обе недели,501-44,1,2,False,False,,медицинский,2,,,Луценко Е.Е,501-44
суббота,3,"Микробиология, вирусол. 3 Гигиена",практика,А632,Луценко Е.Е,обе недели,501-44,2,2,False,False,,медицинский,2,,,Луценко Е.Е,501-44
суббота,3,Биохимия 3 Психология и педагогика 3 Учебная практика,практика,А420,Луценко Е.Е,обе недели,501-44,2,2,False,False,,медицинский,2,,,Луценко Е.Е,501-44
суббота,3,Нормальная физиология,практика,А432,Астраханцев В.Д.,обе недели,501-44,1,2,False,False,,медицинский,2,,,Астраханцев В.Д.,501-44
суббота,3,"Микробиология, вирусол. 3 Гигиена",практика,А431,Луценко Е.Е,обе недели,501-44,1,2,False,False,,медицинский,2,,,Луценко Е.Е,501-44
суббота,3,"Микробиология, вирусол. 3 Гигиена",практика,А632,Луценко Е.Е,обе недели,501-44,2,2,False,False,,медицинский,2,,,Луценко Е.Е,501-44
суббота,3,Биохимия 3 Психология и педагогика 3 Учебная практика,практика,А420,Луценко Е.Е,обе недели,501-44,2,2,False,False,,медицинский,2,,,Луценко Е.Е,501-44
суббота,4,Сестринское дело 4----------------- Биохимия 4----------------- 4 Психология и педагогика,практика,А30,Болотов С.В.,обе недели,501-44,2,1,False,False,,медицинский,2,,,Болотов С.В.,501-44
суббота,5,Сестринское дело,практика,А30,Болотов Святослав Вячеславович,числитель,501-44,2,2,False,False,,медицинский,2,,,Болотов Святослав Вячеславович,501-44
суббота,5,Сестринское дело,практика,А30,Болотов Святослав Вячеславович,числитель,501-44,2,2,False,False,,медицинский,2,,,Болотов Святослав Вячеславович,501-44
суббота,5,5 5 Гигиена 5,практика,А431,Болотов Святослав Вячеславович,знаменатель,501-44,1,2,False,False,,медицинский,2,,,Болотов Святослав Вячеславович,501-44
суббота,5,5 5 Гигиена 5,практика,А431,Болотов Святослав Вячеславович,знаменатель,501-44,1,2,False,False,,медицинский,2,,,Болотов Святослав Вячеславович,501-44
понедельник,4,Нормальн. физиология 4 Сестринское дело,практика,А432,Кушнырь Любовь Александровна,числитель,501-44,2,2,False,False,,медицинский,2,,,Кушнырь Любовь Александровна,501-44
понедельник,4,Нормальн. физиология 4 Сестринское дело,практика,А432,Кушнырь Любовь Александровна,числитель,501-44,2,2,False,False,,медицинский,2,,,Кушнырь Любовь Александровна,501-44
понедельник,4,"4 Микробиология, вирусол. Гигиена",практика,А632,Кушнырь Любовь Александровна,знаменатель,501-44,1,2,False,False,,медицинский,2,,,Кушнырь Любовь Александровна,501-44
понедельник,4,"4 Микробиология, вирусол. Гигиена",практика,А431,Кушнырь Любовь Александровна,знаменатель,501-44,2,2,False,False,,медицинский,2,,,Кушнырь Любовь Александровна,501-44
понедельник,4,"4 Микробиология, вирусол. Гигиена",практика,А632,Кушнырь Любовь Александровна,знаменатель,501-44,1,2,False,False,,медицинский,2,,,Кушнырь Любовь Александровна,501-44
понедельник,4,"4 Микробиология, вирусол. Гигиена",практика,А431,Кушнырь Любовь Александровна,знаменатель,501-44,2,2,False,False,,медицинский,2,,,Кушнырь Любовь Александровна,501-44
понедельник,5,Нормальн. физиология 5 Сестринское дело 5------------------------------------------------------------------,практика,А432,Громова Г.Г.,обе недели,501-44,2,1,False,False,,медицинский,2,,,Громова Г.Г.,501-44
понедельник,6,"Психология и педагогика 6 Учебная практика ( 17.00) 6 Микробиология, вирусол.",практика,А632,Громова Г.Г.,обе недели,501-44,2,1,False,False,,медицинский,2,,,Громова Г.Г.,501-44
вторник,1,Гигиена,практика,А431,Мальцев Виктор Петрович,обе недели,501-44,2,2,False,False,,медицинский,2,,,Мальцев Виктор Петрович,501-44
вторник,1,ВТ 1 Биохимия,практика,А420,Мальцев Виктор Петрович,обе недели,501-44,1,2,False,False,,медицинский,2,,,Мальцев Виктор Петрович,501-44
вторник,1,Нормальн. физиология,практика,А432,Мальцев Виктор Петрович,обе недели,501-44,2,2,False,False,,медицинский,2,,,Мальцев Виктор Петрович,501-44
вторник,1,ВТ 1 Сестринское дело,практика,А30,Мальцев Виктор Петрович,обе недели,501-44,1,2,False,False,,медицинский,2,,,Мальцев Виктор Петрович,501-44
вторник,1,Гигиена,практика,А431,Мальцев Виктор Петрович,обе недели,501-44,2,2,False,False,,медицинский,2,,,Мальцев Виктор Петрович,501-44
вторник,1,ВТ 1 Биохимия,практика,А420,Мальцев Виктор Петрович,обе недели,501-44,1,2,False,False,,медицинский,2,,,Мальцев Виктор Петрович,501-44
вторник,1,Нормальн. физиология,практика,А432,Мальцев Виктор Петрович,обе недели,501-44,2,2,False,False,,медицинский,2,,,Мальцев Виктор Петрович,501-44
вторник,1,ВТ 1 Сестринское дело,практика,А30,Мальцев Виктор Петрович,обе недели,501-44,1,2,False,False,,медицинский,2,,,Мальцев Виктор Петрович,501-44
вторник,2,Сестринское дело------------------- 2 Биохимия Нормальн. физиология 2,практика,А30,.Мальцев В.П.,числитель,501-44,1,2,False,False,,медицинский,2,,,.Мальцев В.П.,501-44
вторник,2,Сестринское дело------------------- 2 Биохимия Нормальн. физиология 2,практика,А432,.Мальцев В.П.,числитель,501-44,2,2,False,False,,медицинский,2,,,.Мальцев В.П.,501-44
вторник,2,Сестринское дело,практика,А30,.Мальцев В.П.,знаменатель,501-44,1,2,False,False,,медицинский,2,,,.Мальцев В.П.,501-44
вторник,2,Сестринское дело------------------- 2 Биохимия Нормальн. физиология 2,практика,А30,.Мальцев В.П.,числитель,501-44,1,2,False,False,,медицинский,2,,,.Мальцев В.П.,501-44
вторник,2,Сестринское дело------------------- 2 Биохимия Нормальн. физиология 2,практика,А432,.Мальцев В.П.,числитель,501-44,2,2,False,False,,медицинский,2,,,.Мальцев В.П.,501-44
вторник,2,Сестринское дело,практика,А30,.Мальцев В.П.,знаменатель,501-44,1,2,False,False,,медицинский,2,,,.Мальцев В.П.,501-44
вторник,3,Сестринское дело,практика,А30,,обе недели,501-44,1,3,False,False,,медицинский,2,,,,501-44
вторник,3,"Микробиология, вирус. 3 Правоведение 3 Сестринское дело",практика,А632,,обе недели,501-44,2,3,False,False,,медицинский,2,,,,501-44
вторник,3,"Микробиология, вирус. 3 Правоведение 3 Сестринское дело",практика,А30,,обе недели,501-44,3,3,False,False,,медицинский,2,,,,501-44
вторник,3,Сестринское дело,практика,А30,,обе недели,501-44,1,3,False,False,,медицинский,2,,,,501-44
вторник,3,"Микробиология, вирус. 3 Правоведение 3 Сестринское дело",практика,А632,,обе недели,501-44,2,3,False,False,,медицинский,2,,,,501-44
вторник,3,"Микробиология, вирус. 3 Правоведение 3 Сестринское дело",практика,А30,,обе недели,501-44,3,3,False,False,,медицинский,2,,,,501-44
вторник,3,Сестринское дело,практика,А30,,обе недели,501-44,1,3,False,False,,медицинский,2,,,,501-44
вторник,3,"Микробиология, вирус. 3 Правоведение 3 Сестринское дело",практика,А632,,обе недели,501-44,2,3,False,False,,медицинский,2,,,,501-44
вторник,3,"Микробиология, вирус. 3 Правоведение 3 Сестринское дело",практика,А30,,обе недели,501-44,3,3,False,False,,медицинский,2,,,,501-44
вторник,4,Адап.и возр.физиология,практика,А22,Повзун Александр Андреевич,обе недели,501-44,1,2,False,False,,медицинский,2,,,Повзун Александр Андреевич,501-44
вторник,4,Сестринское дело 4 Психология и педагогика 4 Психология и педагогика,практика,А30,Повзун Александр Андреевич,обе недели,501-44,3,2,False,False,,медицинский,2,,,Повзун Александр Андреевич,501-44
вторник,4,Адап.и возр.физиология,практика,А22,Повзун Александр Андреевич,обе недели,501-44,1,2,False,False,,медицинский,2,,,Повзун Александр Андреевич,501-44
вторник,4,Сестринское дело 4 Психология и педагогика 4 Психология и педагогика,практика,А30,Повзун Александр Андреевич,обе недели,501-44,3,2,False,False,,медицинский,2,,,Повзун Александр Андреевич,501-44
вторник,5,"Микробиология, вирус.",практика,А632,Гусаченко Людмила Александровна,числитель,501-44,1,3,False,False,,медицинский,2,,,Гусаченко Людмила Александровна,501-44
вторник,5,"Микробиология, вирус.",практика,А632,Гусаченко Людмила Александровна,числитель,501-44,1,3,False,False,,медицинский,2,,,Гусаченко Людмила Александровна,501-44
вторник,5,"Микробиология, вирус.",практика,А632,Гусаченко Людмила Александровна,числитель,501-44,1,3,False,False,,медицинский,2,,,Гусаченко Людмила Александровна,501-44
вторник,5,Сестринское дело 5 5 Адап. и возр.физиология Нормальн. физиология,практика,А22,Гусаченко Людмила Александровна,знаменатель,501-44,1,3,False,False,,медицинский,2,,,Гусаченко Людмила Александровна,501-44
вторник,5,Сестринское дело 5 5 Адап. и возр.физиология Нормальн. физиология,практика,А433,Гусаченко Людмила Александровна,знаменатель,501-44,2,3,False,False,,медицинский,2,,,Гусаченко Людмила Александровна,501-44
вторник,5,Сестринское дело 5 5 Адап. и возр.физиология Нормальн. физиология,практика,А30,Гусаченко Людмила Александровна,знаменатель,501-44,3,3,False,False,,медицинский,2,,,Гусаченко Людмила Александровна,501-44
вторник,5,Сестринское дело 5 5 Адап. и возр.физиология Нормальн. физиология,практика,А22,Гусаченко Людмила Александровна,знаменатель,501-44,1,3,False,False,,медицинский,2,,,Гусаченко Людмила Александровна,501-44
вторник,5,Сестринское дело 5 5 Адап. и возр.физиология Нормальн. физиология,практика,А433,Гусаченко Людмила Александровна,знаменатель,501-44,2,3,False,False,,медицинский,2,,,Гусаченко Людмила Александровна,501-44
вторник,5,Сестринское дело 5 5 Адап. и возр.физиология Нормальн. физиология,практика,А30,Гусаченко Людмила Александровна,знаменатель,501-44,3,3,False,False,,медицинский,2,,,Гусаченко Людмила Александровна,501-44
вторник,5,Сестринское дело 5 5 Адап. и возр.физиология Нормальн. физиология,практика,А22,Гусаченко Людмила Александровна,знаменатель,501-44,1,3,False,False,,медицинский,2,,,Гусаченко Людмила Александровна,501-44
вторник,5,Сестринское дело 5 5 Адап. и возр.физиология Нормальн. физиология,практика,А433,Гусаченко Людмила Александровна,знаменатель,501-44,2,3,False,False,,медицинский,2,,,Гусаченко Людмила Александровна,501-44
вторник,5,Сестринское дело 5 5 Адап. и возр.физиология Нормальн. физиология,практика,А30,Гусаченко Людмила Александровна,знаменатель,501-44,3,3,False,False,,медицинский,2,,,Гусаченко Людмила Александровна,501-44
вторник,6,------------------------------ 6 6 Нормальн. физиология,практика,А433,Гусаченко Людмила Александровна,обе недели,501-44,2,1,False,False,,медицинский,2,,,Гусаченко Людмила Александровна,501-44
среда,1,СР 1 СР 1 Биохимия,практика,А420,,обе недели,501-44,1,1,False,False,,медицинский,2,,,,501-44
среда,2,2 2 Биохимия,практика,А420,"Громова Г.Г., Повзун А.А./Гюльмагомедова М.В.",обе недели,501-44,1,1,False,False,,медицинский,2,,,"Громова Г.Г., Повзун А.А./Гюльмагомедова М.В.",501-44
среда,3,Нормальная физиология Биохимия 3 Биохимия Нормальная физиология 3 Биохимия,лекция,А636,Литовченко О.Г.,числитель,501-44,,0,False,False,,медицинский,2,,,Литовченко О.Г.,501-44
среда,3,Нормальная физиология Биохимия 3 Биохимия Нормальная физиология 3 Биохимия,лекция,А436,Литовченко О.Г.,числитель,501-44,,0,False,False,,медицинский,2,,,Литовченко О.Г.,501-44
среда,3,Нормальная физиология,лекция,А436,Юрина М.А.,знаменатель,501-44,,0,False,False,,медицинский,2,,,Юрина М.А.,501-44
среда,4,"Гигиена Микробиология, вирусология 4 Микробиология, вирусология Гигиена 4 Микробиология, вирусология",лекция,А2Б,Куяров А.А.,числитель,501-44,,0,False,False,,медицинский,2,,,Куяров А.А.,501-44
среда,4,"Гигиена Микробиология, вирусология 4 Микробиология, вирусология Гигиена 4 Микробиология, вирусология",лекция,А436,Куяров А.А.,числитель,501-44,,0,False,False,,медицинский,2,,,Куяров А.А.,501-44
среда,4,Гигиена,лекция,А2Б,Павловская В.С.,знаменатель,501-44,,0,False,False,,медицинский,2,,,Павловская В.С.,501-44
среда,5,Правоведение 5 Иностранный язык,практика,А516,Гусаченко Людмила Александровна,обе недели,501-44,1,2,False,False,,медицинский,2,,,Гусаченко Людмила Александровна,501-44
среда,5,Иностранный язык 5,практика,А517,Гусаченко Людмила Александровна,обе недели,501-44,2,2,False,False,,медицинский,2,,,Гусаченко Людмила Александровна,501-44
среда,5,Правоведение 5 Иностранный язык,практика,А516,Гусаченко Людмила Александровна,обе недели,501-44,1,2,False,False,,медицинский,2,,,Гусаченко Людмила Александровна,501-44
среда,5,Иностранный язык 5,практика,А517,Гусаченко Людмила Александровна,обе недели,501-44,2,2,False,False,,медицинский,2,,,Гусаченко Людмила Александровна,501-44
среда,6,Основы предпринимательской деятельности 6,практика,А615,Гусаченко Людмила Александровна,числитель,501-44,,0,False,False,,медицинский,2,,,Гусаченко Людмила Александровна,501-44
среда,6,Основы предпринимательской деятельности 6,практика,А615,Гусаченко Людмила Александровна,знаменатель,501-44,,0,False,False,,медицинский,2,,,Гусаченко Людмила Александровна,501-44
четверг,4,"Биохимия Иностранный язык 4 Микробиология, вирусол. Гигиена 4 Иностранный язык Сестринское дело",практика,А420,Никонова Наталия Петровна,числитель,501-44,1,3,False,False,,медицинский,2,,,Никонова Наталия Петровна,501-44
четверг,4,"Биохимия Иностранный язык 4 Микробиология, вирусол. Гигиена 4 Иностранный язык Сестринское дело",практика,А516,Никонова Наталия Петровна,числитель,501-44,2,3,False,False,,медицинский,2,,,Никонова Наталия Петровна,501-44
четверг,4,"Биохимия Иностранный язык 4 Микробиология, вирусол. Гигиена 4 Иностранный язык Сестринское дело",практика,А30,Никонова Наталия Петровна,числитель,501-44,3,3,False,False,,медицинский,2,,,Никонова Наталия Петровна,501-44
четверг,4,"Биохимия Иностранный язык 4 Микробиология, вирусол. Гигиена 4 Иностранный язык Сестринское дело",практика,А420,Никонова Наталия Петровна,числитель,501-44,1,3,False,False,,медицинский,2,,,Никонова Наталия Петровна,501-44
четверг,4,"Биохимия Иностранный язык 4 Микробиология, вирусол. Гигиена 4 Иностранный язык Сестринское дело",практика,А516,Никонова Наталия Петровна,числитель,501-44,2,3,False,False,,медицинский,2,,,Никонова Наталия Петровна,501-44
четверг,4,"Биохимия Иностранный язык 4 Микробиология, вирусол. Гигиена 4 Иностранный язык Сестринское дело",практика,А30,Никонова Наталия Петровна,числитель,501-44,3,3,False,False,,медицинский,2,,,Никонова Наталия Петровна,501-44
четверг,4,"Биохимия Иностранный язык 4 Микробиология, вирусол. Гигиена 4 Иностранный язык Сестринское дело",практика,А420,Никонова Наталия Петровна,числитель,501-44,1,3,False,False,,медицинский,2,,,Никонова Наталия Петровна,501-44
четверг,4,"Биохимия Иностранный язык 4 Микробиология, вирусол. Гигиена 4 Иностранный язык Сестринское дело",практика,А516,Никонова Наталия Петровна,числитель,501-44,2,3,False,False,,медицинский,2,,,Никонова Наталия Петровна,501-44
четверг,4,"Биохимия Иностранный язык 4 Микробиология, вирусол. Гигиена 4 Иностранный язык Сестринское дело",практика,А30,Никонова Наталия Петровна,числитель,501-44,3,3,False,False,,медицинский,2,,,Никонова Наталия Петровна,501-44
четверг,5,Биохимия Сестринское дело 5-------------------------------------------------- 5 Сестринское дело,практика,А420,Повзун Александр Андреевич,числитель,501-44,1,2,False,False,,медицинский,2,,,Повзун Александр Андреевич,501-44
четверг,5,Биохимия Сестринское дело 5-------------------------------------------------- 5 Сестринское дело,практика,А30,Повзун Александр Андреевич,числитель,501-44,2,2,False,False,,медицинский,2,,,Повзун Александр Андреевич,501-44
четверг,5,Биохимия Сестринское дело 5-------------------------------------------------- 5 Сестринское дело,практика,А420,Повзун Александр Андреевич,числитель,501-44,1,2,False,False,,медицинский,2,,,Повзун Александр Андреевич,501-44
четверг,5,Биохимия Сестринское дело 5-------------------------------------------------- 5 Сестринское дело,практика,А30,Повзун Александр Андреевич,числитель,501-44,2,2,False,False,,медицинский,2,,,Повзун Александр Андреевич,501-44
четверг,6,6 Адап. и возр.физиология,практика,А431,Морозкина Анна Владимировна,обе недели,501-44,1,2,False,False,,медицинский,2,,,Морозкина Анна Владимировна,501-44
четверг,6,"Микробиология, вирус. 6 Сестринское дело",практика,А632,Морозкина Анна Владимировна,обе недели,501-44,2,2,False,False,,медицинский,2,,,Морозкина Анна Владимировна,501-44
четверг,6,6 Адап. и возр.физиология,практика,А431,Морозкина Анна Владимировна,обе недели,501-44,1,2,False,False,,медицинский,2,,,Морозкина Анна Владимировна,501-44
четверг,6,"Микробиология, вирус. 6 Сестринское дело",практика,А632,Морозкина Анна Владимировна,обе недели,501-44,2,2,False,False,,медицинский,2,,,Морозкина Анна Владимировна,501-44
пятница,1,Норм. физиология ПТ 1 Сестринское дело,практика,А432,Куяров Артем Александрович,числитель,501-44,1,1,False,False,,медицинский,2,,,Куяров Артем Александрович,501-44
пятница,1,Норм. физиология ПТ 1 Сестринское дело ПТ 1,практика,,Куяров Артем Александрович,обе недели,501-44,1,1,False,False,,медицинский,2,,,Куяров Артем Александрович,501-44
пятница,2,Норм. физиология 2 Сестринское дело,практика,А432,Куяров Артем Александрович,обе недели,501-44,1,2,False,False,,медицинский,2,,,Куяров Артем Александрович,501-44
пятница,2,Адап. и возр.физиология 2 Нормальная физиология,практика,А433,Куяров Артем Александрович,обе недели,501-44,1,2,False,False,,медицинский,2,,,Куяров Артем Александрович,501-44
пятница,2,Адап. и возр.физиология 2 Нормальная физиология,практика,А433,Куяров Артем Александрович,обе недели,501-44,2,2,False,False,,медицинский,2,,,Куяров Артем Александрович,501-44
пятница,2,Адап. и возр.физиология,практика,А22,Куяров Артем Александрович,обе недели,501-44,2,2,False,False,,медицинский,2,,,Куяров Артем Александрович,501-44
пятница,2,Норм. физиология 2 Сестринское дело,практика,А432,Куяров Артем Александрович,обе недели,501-44,1,2,False,False,,медицинский,2,,,Куяров Артем Александрович,501-44
пятница,2,Адап. и возр.физиология 2 Нормальная физиология,практика,А433,Куяров Артем Александрович,обе недели,501-44,1,2,False,False,,медицинский,2,,,Куяров Артем Александрович,501-44
пятница,2,Адап. и возр.физиология 2 Нормальная физиология,практика,А433,Куяров Артем Александрович,обе недели,501-44,2,2,False,False,,медицинский,2,,,Куяров Артем Александрович,501-44
пятница,2,Адап. и возр.физиология,практика,А22,Куяров Артем Александрович,обе недели,501-44,2,2,False,False,,медицинский,2,,,Куяров Артем Александрович,501-44
пятница,3,Психология и педагогика 3 Нормальная физиология,практика,А432,Куяров Артем Александрович,обе недели,501-44,1,2,False,False,,медицинский,2,,,Куяров Артем Александрович,501-44
пятница,3,Биохимия 3 Нормальная физиология,практика,А433,Куяров Артем Александрович,обе недели,501-44,1,2,False,False,,медицинский,2,,,Куяров Артем Александрович,501-44
пятница,3,Биохимия 3 Нормальная физиология,практика,А420,Куяров Артем Александрович,обе недели,501-44,2,2,False,False,,медицинский,2,,,Куяров Артем Александрович,501-44
пятница,3,Иностранный язык,практика,А516,Куяров Артем Александрович,обе недели,501-44,2,2,False,False,,медицинский,2,,,Куяров Артем Александрович,501-44
пятница,3,Психология и педагогика 3 Нормальная физиология,практика,А432,Куяров Артем Александрович,обе недели,501-44,1,2,False,False,,медицинский,2,,,Куяров Артем Александрович,501-44
пятница,3,Биохимия 3 Нормальная физиология,практика,А433,Куяров Артем Александрович,обе недели,501-44,1,2,False,False,,медицинский,2,,,Куяров Артем Александрович,501-44
пятница,3,Биохимия 3 Нормальная физиология,практика,А420,Куяров Артем Александрович,обе недели,501-44,2,2,False,False,,медицинский,2,,,Куяров Артем Александрович,501-44
пятница,3,Иностранный язык,практика,А516,Куяров Артем Александрович,обе недели,501-44,2,2,False,False,,медицинский,2,,,Куяров Артем Александрович,501-44
пятница,4,Иностранный язык,практика,А517,Коваленко Елена Ивановна,обе недели,501-44,1,2,False,False,,медицинский,2,,,Коваленко Елена Ивановна,501-44
пятница,4,Адап. и возр.физиология 4 Нормальная физиология,практика,А432,Коваленко Елена Ивановна,обе недели,501-44,1,2,False,False,,медицинский,2,,,Коваленко Елена Ивановна,501-44
пятница,4,Адап. и возр.физиология 4 Нормальная физиология,практика,А424,Коваленко Елена Ивановна,обе недели,501-44,2,2,False,False,,медицинский,2,,,Коваленко Елена Ивановна,501-44
пятница,4,Биохимия 4 Правоведение,практика,А420,Коваленко Елена Ивановна,обе недели,501-44,2,2,False,False,,медицинский,2,,,Коваленко Елена Ивановна,501-44
пятница,4,Иностранный язык,практика,А517,Коваленко Елена Ивановна,обе недели,501-44,1,2,False,False,,медицинский,2,,,Коваленко Елена Ивановна,501-44
пятница,4,Адап. и возр.физиология 4 Нормальная физиология,практика,А432,Коваленко Елена Ивановна,обе недели,501-44,1,2,False,False,,медицинский,2,,,Коваленко Елена Ивановна,501-44
пятница,4,Адап. и возр.физиология 4 Нормальная физиология,практика,А424,Коваленко Елена Ивановна,обе недели,501-44,2,2,False,False,,медицинский,2,,,Коваленко Елена Ивановна,501-44
пятница,4,Биохимия 4 Правоведение,практика,А420,Коваленко Елена Ивановна,обе недели,501-44,2,2,False,False,,медицинский,2,,,Коваленко Елена Ивановна,501-44
пятница,5,Сестринское дело (лек 8 ч ) Адаптивная и возрастная физиология 5 Адаптивная и возрастная физиология Сестринское дело (лек 8 ч ) 5 Адаптивная и возрастная физиология,лекция,А636,Никонова Наталия Петровна,числитель,501-44,,0,False,False,,медицинский,2,,,Никонова Наталия Петровна,501-44
пятница,5,Сестринское дело (лек 8 ч ) Адаптивная и возрастная физиология 5 Адаптивная и возрастная физиология Сестринское дело (лек 8 ч ) 5 Адаптивная и возрастная физиология,лекция,А436,Никонова Наталия Петровна,числитель,501-44,,0,False,False,,медицинский,2,,,Никонова Наталия Петровна,501-44
пятница,5,Сестринское дело (лек 8 ч ),лекция,А636,Никонова Наталия Петровна,знаменатель,501-44,,0,False,False,,медицинский,2,,,Никонова Наталия Петровна,501-44
пятница,6,Сестринское дело 6 6 Основы предпринимательской деятельности,практика,А30,Луценко Е.Е.,числитель,501-44,2,1,False,False,,медицинский,2,,,Луценко Е.Е.,501-44
суббота,1,СБ 1 Сестринское дело,практика,А30,Ишбулатова Марианна Сергеевна,числитель,501-44,3,2,False,False,,медицинский,2,,,Ишбулатова Марианна Сергеевна,501-44
суббота,1,СБ 1 Сестринское дело,практика,А30,Ишбулатова Марианна Сергеевна,числитель,501-44,3,2,False,False,,медицинский,2,,,Ишбулатова Марианна Сергеевна,501-44
суббота,1,СБ 1----------------- Биохимия,практика,А420,Ишбулатова Марианна Сергеевна,знаменатель,501-44,2,2,False,False,,медицинский,2,,,Ишбулатова Марианна Сергеевна,501-44
суббота,1,СБ 1----------------- Биохимия,практика,А420,Ишбулатова Марианна Сергеевна,знаменатель,501-44,2,2,False,False,,медицинский,2,,,Ишбулатова Марианна Сергеевна,501-44
суббота,2,Учебная практика 2 Сестринское дело 2 Гигиена,практика,А431,Астраханцев В.Д.,обе недели,501-44,1,3,False,False,,медицинский,2,,,Астраханцев В.Д.,501-44
суббота,2,Учебная практика 2 Сестринское дело 2 Гигиена,практика,А30,Астраханцев В.Д.,обе недели,501-44,3,3,False,False,,медицинский,2,,,Астраханцев В.Д.,501-44
суббота,2,Биохимия,практика,А420,Ишбулатова М.С.,обе недели,501-44,2,3,False,False,,медицинский,2,,,Ишбулатова М.С.,501-44
суббота,2,Учебная практика 2 Сестринское дело 2 Гигиена,практика,А431,Астраханцев В.Д.,обе недели,501-44,1,3,False,False,,медицинский,2,,,Астраханцев В.Д.,501-44
суббота,2,Учебная практика 2 Сестринское дело 2 Гигиена,практика,А30,Астраханцев В.Д.,обе недели,501-44,3,3,False,False,,медицинский,2,,,Астраханцев В.Д.,501-44
суббота,2,Биохимия,практика,А420,Ишбулатова М.С.,обе недели,501-44,2,3,False,False,,медицинский,2,,,Ишбулатова М.С.,501-44
суббота,2,Учебная практика 2 Сестринское дело 2 Гигиена,практика,А431,Астраханцев В.Д.,обе недели,501-44,1,3,False,False,,медицинский,2,,,Астраханцев В.Д.,501-44
суббота,2,Учебная практика 2 Сестринское дело 2 Гигиена,практика,А30,Астраханцев В.Д.,обе недели,501-44,3,3,False,False,,медицинский,2,,,Астраханцев В.Д.,501-44
суббота,2,Биохимия,практика,А420,Ишбулатова М.С.,обе недели,501-44,2,3,False,False,,медицинский,2,,,Ишбулатова М.С.,501-44
суббота,3,Гигиена,практика,А431,Астраханцев В.Д.,обе недели,501-44,1,2,False,False,,медицинский,2,,,Астраханцев В.Д.,501-44
суббота,3,Биохимия 3 Психология и педагогика 3 Учебная практика,практика,А420,Луценко Е.Е,обе недели,501-44,2,2,False,False,,медицинский,2,,,Луценко Е.Е,501-44
суббота,3,Гигиена,практика,А431,Астраханцев В.Д.,обе недели,501-44,1,2,False,False,,медицинский,2,,,Астраханцев В.Д.,501-44
суббота,3,Биохимия 3 Психология и педагогика 3 Учебная практика,практика,А420,Луценко Е.Е,обе недели,501-44,2,2,False,False,,медицинский,2,,,Луценко Е.Е,501-44
суббота,4,----------------- Биохимия 4----------------- 4 Психология и педагогика,практика,А420,Болотов С.В.,обе недели,501-44,2,1,False,False,,медицинский,2,,,Болотов С.В.,501-44
суббота,5,5 Гигиена 5,практика,А431,Болотов Святослав Вячеславович,обе недели,501-44,1,1,False,False,,медицинский,2,,,Болотов Святослав Вячеславович,501-44
понедельник,4,Сестринское дело,практика,А30,Кушнырь Любовь Александровна,числитель,501-44,2,2,False,False,,медицинский,2,,,Кушнырь Любовь Александровна,501-44
понедельник,4,Сестринское дело,практика,А30,Кушнырь Любовь Александровна,числитель,501-44,2,2,False,False,,медицинский,2,,,Кушнырь Любовь Александровна,501-44
понедельник,4,"4 Микробиология, вирусол. Гигиена",практика,А632,Кушнырь Любовь Александровна,знаменатель,501-44,1,2,False,False,,медицинский,2,,,Кушнырь Любовь Александровна,501-44
понедельник,4,"4 Микробиология, вирусол. Гигиена",практика,А431,Кушнырь Любовь Александровна,знаменатель,501-44,2,2,False,False,,медицинский,2,,,Кушнырь Любовь Александровна,501-44
понедельник,4,"4 Микробиология, вирусол. Гигиена",практика,А632,Кушнырь Любовь Александровна,знаменатель,501-44,1,2,False,False,,медицинский,2,,,Кушнырь Любовь Александровна,501-44
понедельник,4,"4 Микробиология, вирусол. Гигиена",практика,А431,Кушнырь Любовь Александровна,знаменатель,501-44,2,2,False,False,,медицинский,2,,,Кушнырь Любовь Александровна,501-44
понедельник,5,Сестринское дело 5------------------------------------------------------------------,практика,А30,Громова Г.Г.,обе недели,501-44,2,1,False,False,,медицинский,2,,,Громова Г.Г.,501-44
понедельник,6,"Учебная практика ( 17.00) 6 Микробиология, вирусол.",практика,А632,Громова Г.Г.,обе недели,501-44,2,1,False,False,,медицинский,2,,,Громова Г.Г.,501-44
вторник,1,Биохимия,практика,А420,Мальцев Виктор Петрович,обе недели,501-44,1,2,False,False,,медицинский,2,,,Мальцев Виктор Петрович,501-44
вторник,1,Нормальн. физиология,практика,А432,Мальцев Виктор Петрович,обе недели,501-44,2,2,False,False,,медицинский,2,,,Мальцев Виктор Петрович,501-44
вторник,1,ВТ 1 Сестринское дело,практика,А30,Мальцев Виктор Петрович,обе недели,501-44,1,2,False,False,,медицинский,2,,,Мальцев Виктор Петрович,501-44
вторник,1,Биохимия,практика,А420,Мальцев Виктор Петрович,обе недели,501-44,1,2,False,False,,медицинский,2,,,Мальцев Виктор Петрович,501-44
вторник,1,Нормальн. физиология,практика,А432,Мальцев Виктор Петрович,обе недели,501-44,2,2,False,False,,медицинский,2,,,Мальцев Виктор Петрович,501-44
вторник,1,ВТ 1 Сестринское дело,практика,А30,Мальцев Виктор Петрович,обе недели,501-44,1,2,False,False,,медицинский,2,,,Мальцев Виктор Петрович,501-44
вторник,2,Биохимия Нормальн. физиология 2,практика,А420,.Мальцев В.П.,числитель,501-44,1,2,False,False,,медицинский,2,,,.Мальцев В.П.,501-44
вторник,2,Биохимия Нормальн. физиология 2,практика,А432,.Мальцев В.П.,числитель,501-44,2,2,False,False,,медицинский,2,,,.Мальцев В.П.,501-44
вторник,2,Биохимия Нормальн. физиология 2,практика,А420,.Мальцев В.П.,числитель,501-44,1,2,False,False,,медицинский,2,,,.Мальцев В.П.,501-44
вторник,2,Биохимия Нормальн. физиология 2,практика,А432,.Мальцев В.П.,числитель,501-44,2,2,False,False,,медицинский,2,,,.Мальцев В.П.,501-44
вторник,2,Сестринское дело,практика,А30,.Мальцев В.П.,знаменатель,501-44,1,2,False,False,,медицинский,2,,,.Мальцев В.П.,501-44
вторник,2,Сестринское дело,практика,А30,.Мальцев В.П.,знаменатель,501-44,1,2,False,False,,медицинский,2,,,.Мальцев В.П.,501-44
вторник,3,Правоведение 3 Сестринское дело,практика,А30,,обе недели,501-44,3,1,False,False,,медицинский,2,,,,501-44
вторник,4,"Психология и педагогика , 4 Психология и педагогика",лекция,А539,Повзун Александр Андреевич,обе недели,501-44,,0,False,False,,медицинский,2,,,Повзун Александр Андреевич,501-44
вторник,5,5 Адап. и возр.физиология,практика,А22,Гусаченко Людмила Александровна,обе недели,501-44,1,2,False,False,,медицинский,2,,,Гусаченко Людмила Александровна,501-44
вторник,5,Нормальн. физиология,практика,А433,Гусаченко Людмила Александровна,обе недели,501-44,2,2,False,False,,медицинский,2,,,Гусаченко Людмила Александровна,501-44
вторник,5,5 Адап. и возр.физиология,практика,А22,Гусаченко Людмила Александровна,обе недели,501-44,1,2,False,False,,медицинский,2,,,Гусаченко Людмила Александровна,501-44
вторник,5,Нормальн. физиология,практика,А433,Гусаченко Людмила Александровна,обе недели,501-44,2,2,False,False,,медицинский,2,,,Гусаченко Людмила Александровна,501-44
вторник,6,6 Нормальн. физиология,практика,А433,Гусаченко Людмила Александровна,обе недели,501-44,2,1,False,False,,медицинский,2,,,Гусаченко Людмила Александровна,501-44
среда,1,СР 1 Биохимия,практика,А420,,обе недели,501-44,1,1,False,False,,медицинский,2,,,,501-44
среда,2,2 Биохимия,практика,А420,"Громова Г.Г., Повзун А.А./Гюльмагомедова М.В.",обе недели,501-44,1,1,False,False,,медицинский,2,,,"Громова Г.Г., Повзун А.А./Гюльмагомедова М.В.",501-44
среда,3,Биохимия Нормальная физиология 3 Биохимия,лекция,А636,Литовченко О.Г.,числитель,501-44,,0,False,False,,медицинский,2,,,Литовченко О.Г.,501-44
среда,3,Биохимия Нормальная физиология 3 Биохимия,лекция,А436,Литовченко О.Г.,числитель,501-44,,0,False,False,,медицинский,2,,,Литовченко О.Г.,501-44
среда,3,Нормальная физиология,лекция,А436,Юрина М.А.,знаменатель,501-44,,0,False,False,,медицинский,2,,,Юрина М.А.,501-44
среда,4,"Микробиология, вирусология Гигиена 4 Микробиология, вирусология",лекция,А2Б,Куяров А.А.,числитель,501-44,,0,False,False,,медицинский,2,,,Куяров А.А.,501-44
среда,4,"Микробиология, вирусология Гигиена 4 Микробиология, вирусология",лекция,А436,Куяров А.А.,числитель,501-44,,0,False,False,,медицинский,2,,,Куяров А.А.,501-44
среда,4,Гигиена,лекция,А2Б,Павловская В.С.,знаменатель,501-44,,0,False,False,,медицинский,2,,,Павловская В.С.,501-44
среда,5,Иностранный язык,практика,А516,Гусаченко Людмила Александровна,обе недели,501-44,1,2,False,False,,медицинский,2,,,Гусаченко Людмила Александровна,501-44
среда,5,Иностранный язык 5,практика,А517,Гусаченко Людмила Александровна,обе недели,501-44,2,2,False,False,,медицинский,2,,,Гусаченко Людмила Александровна,501-44
среда,5,Иностранный язык,практика,А516,Гусаченко Людмила Александровна,обе недели,501-44,1,2,False,False,,медицинский,2,,,Гусаченко Людмила Александровна,501-44
среда,5,Иностранный язык 5,практика,А517,Гусаченко Людмила Александровна,обе недели,501-44,2,2,False,False,,медицинский,2,,,Гусаченко Людмила Александровна,501-44
среда,6,Основы предпринимательской деятельности 6,практика,А615,Гусаченко Людмила Александровна,знаменатель,501-44,,0,False,False,,медицинский,2,,,Гусаченко Людмила Александровна,501-44
четверг,4,"Микробиология, вирусол. Гигиена 4 Иностранный язык Сестринское дело",практика,А632,Никонова Наталия Петровна,числитель,501-44,1,3,False,False,,медицинский,2,,,Никонова Наталия Петровна,501-44
четверг,4,"Микробиология, вирусол. Гигиена 4 Иностранный язык Сестринское дело",практика,А431,Никонова Наталия Петровна,числитель,501-44,2,3,False,False,,медицинский,2,,,Никонова Наталия Петровна,501-44
четверг,4,"Микробиология, вирусол. Гигиена 4 Иностранный язык Сестринское дело",практика,А30,Никонова Наталия Петровна,числитель,501-44,3,3,False,False,,медицинский,2,,,Никонова Наталия Петровна,501-44
четверг,4,"Микробиология, вирусол. Гигиена 4 Иностранный язык Сестринское дело",практика,А632,Никонова Наталия Петровна,числитель,501-44,1,3,False,False,,медицинский,2,,,Никонова Наталия Петровна,501-44
четверг,4,"Микробиология, вирусол. Гигиена 4 Иностранный язык Сестринское дело",практика,А431,Никонова Наталия Петровна,числитель,501-44,2,3,False,False,,медицинский,2,,,Никонова Наталия Петровна,501-44
четверг,4,"Микробиология, вирусол. Гигиена 4 Иностранный язык Сестринское дело",практика,А30,Никонова Наталия Петровна,числитель,501-44,3,3,False,False,,медицинский,2,,,Никонова Наталия Петровна,501-44
четверг,4,"Микробиология, вирусол. Гигиена 4 Иностранный язык Сестринское дело",практика,А632,Никонова Наталия Петровна,числитель,501-44,1,3,False,False,,медицинский,2,,,Никонова Наталия Петровна,501-44
четверг,4,"Микробиология, вирусол. Гигиена 4 Иностранный язык Сестринское дело",практика,А431,Никонова Наталия Петровна,числитель,501-44,2,3,False,False,,медицинский,2,,,Никонова Наталия Петровна,501-44
четверг,4,"Микробиология, вирусол. Гигиена 4 Иностранный язык Сестринское дело",практика,А30,Никонова Наталия Петровна,числитель,501-44,3,3,False,False,,медицинский,2,,,Никонова Наталия Петровна,501-44
четверг,5,-------------------------------------------------- 5 Сестринское дело,практика,А30,Повзун Александр Андреевич,числитель,501-44,2,1,False,False,,медицинский,2,,,Повзун Александр Андреевич,501-44
четверг,6,Адап. и возр.физиология,практика,А431,Морозкина Анна Владимировна,обе недели,501-44,1,2,False,False,,медицинский,2,,,Морозкина Анна Владимировна,501-44
четверг,6,"Микробиология, вирус. 6 Сестринское дело",практика,А632,Морозкина Анна Владимировна,обе недели,501-44,2,2,False,False,,медицинский,2,,,Морозкина Анна Владимировна,501-44
четверг,6,Адап. и возр.физиология,практика,А431,Морозкина Анна Владимировна,обе недели,501-44,1,2,False,False,,медицинский,2,,,Морозкина Анна Владимировна,501-44
четверг,6,"Микробиология, вирус. 6 Сестринское дело",практика,А632,Морозкина Анна Владимировна,обе недели,501-44,2,2,False,False,,медицинский,2,,,Морозкина Анна Владимировна,501-44
пятница,1,Сестринское дело,практика,А30,Куяров Артем Александрович,числитель,501-44,1,1,False,False,,медицинский,2,,,Куяров Артем Александрович,501-44
пятница,1,Сестринское дело ПТ 1,практика,,Куяров Артем Александрович,обе недели,501-44,1,1,False,False,,медицинский,2,,,Куяров Артем Александрович,501-44
пятница,2,Сестринское дело,практика,А30,Куяров Артем Александрович,обе недели,501-44,1,2,False,False,,медицинский,2,,,Куяров Артем Александрович,501-44
пятница,2,Адап. и возр.физиология 2 Нормальная физиология,практика,А433,Куяров Артем Александрович,обе недели,501-44,1,2,False,False,,медицинский,2,,,Куяров Артем Александрович,501-44
пятница,2,Адап. и возр.физиология 2 Нормальная физиология,практика,А433,Куяров Артем Александрович,обе недели,501-44,2,2,False,False,,медицинский,2,,,Куяров Артем Александрович,501-44
пятница,2,Адап. и возр.физиология,практика,А22,Куяров Артем Александрович,обе недели,501-44,2,2,False,False,,медицинский,2,,,Куяров Артем Александрович,501-44
пятница,2,Сестринское дело,практика,А30,Куяров Артем Александрович,обе недели,501-44,1,2,False,False,,медицинский,2,,,Куяров Артем Александрович,501-44
пятница,2,Адап. и возр.физиология 2 Нормальная физиология,практика,А433,Куяров Артем Александрович,обе недели,501-44,1,2,False,False,,медицинский,2,,,Куяров Артем Александрович,501-44
пятница,2,Адап. и возр.физиология 2 Нормальная физиология,практика,А433,Куяров Артем Александрович,обе недели,501-44,2,2,False,False,,медицинский,2,,,Куяров Артем Александрович,501-44
пятница,2,Адап. и возр.физиология,практика,А22,Куяров Артем Александрович,обе недели,501-44,2,2,False,False,,медицинский,2,,,Куяров Артем Александрович,501-44
пятница,3,Нормальная физиология,практика,А432,Куяров Артем Александрович,обе недели,501-44,1,2,False,False,,медицинский,2,,,Куяров Артем Александрович,501-44
пятница,3,Биохимия 3 Нормальная физиология,практика,А433,Куяров Артем Александрович,обе недели,501-44,1,2,False,False,,медицинский,2,,,Куяров Артем Александрович,501-44
пятница,3,Биохимия 3 Нормальная физиология,практика,А420,Куяров Артем Александрович,обе недели,501-44,2,2,False,False,,медицинский,2,,,Куяров Артем Александрович,501-44
пятница,3,Иностранный язык,практика,А516,Куяров Артем Александрович,обе недели,501-44,2,2,False,False,,медицинский,2,,,Куяров Артем Александрович,501-44
пятница,3,Нормальная физиология,практика,А432,Куяров Артем Александрович,обе недели,501-44,1,2,False,False,,медицинский,2,,,Куяров Артем Александрович,501-44
пятница,3,Биохимия 3 Нормальная физиология,практика,А433,Куяров Артем Александрович,обе недели,501-44,1,2,False,False,,медицинский,2,,,Куяров Артем Александрович,501-44
пятница,3,Биохимия 3 Нормальная физиология,практика,А420,Куяров Артем Александрович,обе недели,501-44,2,2,False,False,,медицинский,2,,,Куяров Артем Александрович,501-44
пятница,3,Иностранный язык,практика,А516,Куяров Артем Александрович,обе недели,501-44,2,2,False,False,,медицинский,2,,,Куяров Артем Александрович,501-44
пятница,4,Нормальная физиология,практика,А432,Коваленко Елена Ивановна,обе недели,501-44,1,2,False,False,,медицинский,2,,,Коваленко Елена Ивановна,501-44
пятница,4,Биохимия 4 Правоведение,практика,А420,Коваленко Елена Ивановна,обе недели,501-44,2,2,False,False,,медицинский,2,,,Коваленко Елена Ивановна,501-44
пятница,4,Нормальная физиология,практика,А432,Коваленко Елена Ивановна,обе недели,501-44,1,2,False,False,,медицинский,2,,,Коваленко Елена Ивановна,501-44
пятница,4,Биохимия 4 Правоведение,практика,А420,Коваленко Елена Ивановна,обе недели,501-44,2,2,False,False,,медицинский,2,,,Коваленко Елена Ивановна,501-44
пятница,5,Адаптивная и возрастная физиология Сестринское дело (лек 8 ч ) 5 Адаптивная и возрастная физиология,лекция,А636,Никонова Наталия Петровна,числитель,501-44,,0,False,False,,медицинский,2,,,Никонова Наталия Петровна,501-44
пятница,5,Адаптивная и возрастная физиология Сестринское дело (лек 8 ч ) 5 Адаптивная и возрастная физиология,лекция,А436,Никонова Наталия Петровна,числитель,501-44,,0,False,False,,медицинский,2,,,Никонова Наталия Петровна,501-44
пятница,5,Сестринское дело (лек 8 ч ),лекция,А636,Никонова Наталия Петровна,знаменатель,501-44,,0,False,False,,медицинский,2,,,Никонова Наталия Петровна,501-44
пятница,6,6 Основы предпринимательской деятельности,практика,А410,Луценко Е.Е.,числитель,501-44,,0,False,False,,медицинский,2,,,Луценко Е.Е.,501-44
суббота,1,Сестринское дело,практика,А30,Ишбулатова Марианна Сергеевна,числитель,501-44,3,2,False,False,,медицинский,2,,,Ишбулатова Марианна Сергеевна,501-44
суббота,1,Сестринское дело,практика,А30,Ишбулатова Марианна Сергеевна,числитель,501-44,3,2,False,False,,медицинский,2,,,Ишбулатова Марианна Сергеевна,501-44
суббота,1,СБ 1----------------- Биохимия,практика,А420,Ишбулатова Марианна Сергеевна,знаменатель,501-44,2,2,False,False,,медицинский,2,,,Ишбулатова Марианна Сергеевна,501-44
суббота,1,СБ 1----------------- Биохимия,практика,А420,Ишбулатова Марианна Сергеевна,знаменатель,501-44,2,2,False,False,,медицинский,2,,,Ишбулатова Марианна Сергеевна,501-44
суббота,2,Сестринское дело 2 Гигиена,практика,А431,Астраханцев В.Д.,обе недели,501-44,1,3,False,False,,медицинский,2,,,Астраханцев В.Д.,501-44
суббота,2,Сестринское дело 2 Гигиена,практика,А30,Астраханцев В.Д.,обе недели,501-44,3,3,False,False,,медицинский,2,,,Астраханцев В.Д.,501-44
суббота,2,Биохимия,практика,А420,Ишбулатова М.С.,обе недели,501-44,2,3,False,False,,медицинский,2,,,Ишбулатова М.С.,501-44
суббота,2,Сестринское дело 2 Гигиена,практика,А431,Астраханцев В.Д.,обе недели,501-44,1,3,False,False,,медицинский,2,,,Астраханцев В.Д.,501-44
суббота,2,Сестринское дело 2 Гигиена,практика,А30,Астраханцев В.Д.,обе недели,501-44,3,3,False,False,,медицинский,2,,,Астраханцев В.Д.,501-44
суббота,2,Биохимия,практика,А420,Ишбулатова М.С.,обе недели,501-44,2,3,False,False,,медицинский,2,,,Ишбулатова М.С.,501-44
суббота,2,Сестринское дело 2 Гигиена,практика,А431,Астраханцев В.Д.,обе недели,501-44,1,3,False,False,,медицинский,2,,,Астраханцев В.Д.,501-44
суббота,2,Сестринское дело 2 Гигиена,практика,А30,Астраханцев В.Д.,обе недели,501-44,3,3,False,False,,медицинский,2,,,Астраханцев В.Д.,501-44
суббота,2,Биохимия,практика,А420,Ишбулатова М.С.,обе недели,501-44,2,3,False,False,,медицинский,2,,,Ишбулатова М.С.,501-44
суббота,3,"Психология и педагогика , 3 Учебная практика",практика,А515,Астраханцев В.Д.; Луценко Е.Е,обе недели,501-44,,0,False,False,,медицинский,2,,,Астраханцев В.Д.; Луценко Е.Е,501-44
суббота,3,Психология и педагогика 3 Учебная практика,практика,А504,Астраханцев В.Д.; Луценко Е.Е,обе недели,501-44,,0,False,False,,медицинский,2,,,Астраханцев В.Д.; Луценко Е.Е,501-44
суббота,4,----------------- 4 Психология и педагогика,практика,А515,Болотов С.В.;  Луценко Е.Е,обе недели,501-44,,0,False,False,,медицинский,2,,,Болотов С.В.;  Луценко Е.Е,501-44
суббота,4,----------------- 4 Психология и педагогика,практика,А431,Болотов С.В.;  Луценко Е.Е,обе недели,501-44,,0,False,False,,медицинский,2,,,Болотов С.В.;  Луценко Е.Е,501-44
суббота,5,Гигиена 5,практика,А431,Болотов Святослав Вячеславович,обе недели,501-44,1,1,False,False,,медицинский,2,,,Болотов Святослав Вячеславович,501-44
понедельник,4,"Микробиология, вирусол.",практика,А632,Кушнырь Любовь Александровна,обе недели,501-44,1,2,False,False,,медицинский,2,,,Кушнырь Любовь Александровна,501-44
понедельник,4,Гигиена,практика,А431,Кушнырь Любовь Александровна,обе недели,501-44,2,2,False,False,,медицинский,2,,,Кушнырь Любовь Александровна,501-44
понедельник,4,"Микробиология, вирусол.",практика,А632,Кушнырь Любовь Александровна,обе недели,501-44,1,2,False,False,,медицинский,2,,,Кушнырь Любовь Александровна,501-44
понедельник,4,Гигиена,практика,А431,Кушнырь Любовь Александровна,обе недели,501-44,2,2,False,False,,медицинский,2,,,Кушнырь Любовь Александровна,501-44
понедельник,5,------------------------------------------------------------------,,А632,Громова Г.Г.; Орехова Е.Ю.,обе недели,501-44,,0,False,False,,медицинский,2,,,Громова Г.Г.; Орехова Е.Ю.,501-44
понедельник,5,--------------------------------- ---------------------------------,,А431,Громова Г.Г.; Орехова Е.Ю.,обе недели,501-44,,0,False,False,,медицинский,2,,,Громова Г.Г.; Орехова Е.Ю.,501-44
понедельник,6,"Микробиология, вирусол.",практика,А632,Громова Г.Г.,обе недели,501-44,2,1,False,False,,медицинский,2,,,Громова Г.Г.,501-44
вторник,1,Сестринское дело,практика,А30,Мальцев Виктор Петрович,обе недели,501-44,1,1,False,False,,медицинский,2,,,Мальцев Виктор Петрович,501-44
вторник,2,Сестринское дело,практика,А30,.Мальцев В.П.,знаменатель,501-44,1,1,False,False,,медицинский,2,,,.Мальцев В.П.,501-44
вторник,3,Сестринское дело,практика,А30,,обе недели,501-44,3,1,False,False,,медицинский,2,,,,501-44
вторник,4,Психология и педагогика,лекция,А539,Повзун Александр Андреевич,обе недели,501-44,,0,False,False,,медицинский,2,,,Повзун Александр Андреевич,501-44
вторник,5,Адап. и возр.физиология,практика,А22,Гусаченко Людмила Александровна,обе недели,501-44,1,2,False,False,,медицинский,2,,,Гусаченко Людмила Александровна,501-44
вторник,5,Нормальн. физиология,практика,А433,Гусаченко Людмила Александровна,обе недели,501-44,2,2,False,False,,медицинский,2,,,Гусаченко Людмила Александровна,501-44
вторник,5,Адап. и возр.физиология,практика,А22,Гусаченко Людмила Александровна,обе недели,501-44,1,2,False,False,,медицинский,2,,,Гусаченко Людмила Александровна,501-44
вторник,5,Нормальн. физиология,практика,А433,Гусаченко Людмила Александровна,обе недели,501-44,2,2,False,False,,медицинский,2,,,Гусаченко Людмила Александровна,501-44
вторник,6,Нормальн. физиология,практика,А433,Гусаченко Людмила Александровна,обе недели,501-44,2,1,False,False,,медицинский,2,,,Гусаченко Людмила Александровна,501-44
среда,1,Биохимия,практика,А420,,обе недели,501-44,1,1,False,False,,медицинский,2,,,,501-44
среда,2,Биохимия,практика,А420,"Громова Г.Г., Повзун А.А./Гюльмагомедова М.В.",обе недели,501-44,1,1,False,False,,медицинский,2,,,"Громова Г.Г., Повзун А.А./Гюльмагомедова М.В.",501-44
среда,3,Биохимия,лекция,А636,Литовченко О.Г.,числитель,501-44,,0,False,False,,медицинский,2,,,Литовченко О.Г.,501-44
среда,3,Нормальная физиология,лекция,А436,Юрина М.А.,знаменатель,501-44,,0,False,False,,медицинский,2,,,Юрина М.А.,501-44
среда,4,"Микробиология, вирусология",лекция,А436,Куяров А.А.,числитель,501-44,,0,False,False,,медицинский,2,,,Куяров А.А.,501-44
среда,4,Гигиена,лекция,А2Б,Павловская В.С.,знаменатель,501-44,,0,False,False,,медицинский,2,,,Павловская В.С.,501-44
четверг,4,Иностранный язык Сестринское дело,практика,А517,Никонова Наталия Петровна,числитель,501-44,1,2,False,False,,медицинский,2,,,Никонова Наталия Петровна,501-44
четверг,4,Иностранный язык Сестринское дело,практика,А30,Никонова Наталия Петровна,числитель,501-44,3,2,False,False,,медицинский,2,,,Никонова Наталия Петровна,501-44
четверг,4,Иностранный язык Сестринское дело,практика,А517,Никонова Наталия Петровна,числитель,501-44,1,2,False,False,,медицинский,2,,,Никонова Наталия Петровна,501-44
четверг,4,Иностранный язык Сестринское дело,практика,А30,Никонова Наталия Петровна,числитель,501-44,3,2,False,False,,медицинский,2,,,Никонова Наталия Петровна,501-44
четверг,5,Сестринское дело,практика,А30,Повзун Александр Андреевич,числитель,501-44,2,1,False,False,,медицинский,2,,,Повзун Александр Андреевич,501-44
четверг,6,Сестринское дело,практика,А30,Морозкина Анна Владимировна,обе недели,501-44,2,1,False,False,,медицинский,2,,,Морозкина Анна Владимировна,501-44
пятница,2,Нормальная физиология,практика,А433,Куяров Артем Александрович,обе недели,501-44,1,2,False,False,,медицинский,2,,,Куяров Артем Александрович,501-44
пятница,2,Адап. и возр.физиология,практика,А22,Куяров Артем Александрович,обе недели,501-44,2,2,False,False,,медицинский,2,,,Куяров Артем Александрович,501-44
пятница,2,Нормальная физиология,практика,А433,Куяров Артем Александрович,обе недели,501-44,1,2,False,False,,медицинский,2,,,Куяров Артем Александрович,501-44
пятница,2,Адап. и возр.физиология,практика,А22,Куяров Артем Александрович,обе недели,501-44,2,2,False,False,,медицинский,2,,,Куяров Артем Александрович,501-44
пятница,3,Нормальная физиология,практика,А433,Куяров Артем Александрович,обе недели,501-44,1,2,False,False,,медицинский,2,,,Куяров Артем Александрович,501-44
пятница,3,Иностранный язык,практика,А516,Куяров Артем Александрович,обе недели,501-44,2,2,False,False,,медицинский,2,,,Куяров Артем Александрович,501-44
пятница,3,Нормальная физиология,практика,А433,Куяров Артем Александрович,обе недели,501-44,1,2,False,False,,медицинский,2,,,Куяров Артем Александрович,501-44
пятница,3,Иностранный язык,практика,А516,Куяров Артем Александрович,обе недели,501-44,2,2,False,False,,медицинский,2,,,Куяров Артем Александрович,501-44
пятница,4,Правоведение,практика,А615,Коваленко Елена Ивановна,обе недели,501-44,,0,False,False,,медицинский,2,,,Коваленко Елена Ивановна,501-44
пятница,5,Адаптивная и возрастная физиология,лекция,А436,Никонова Наталия Петровна,числитель,501-44,,0,False,False,,медицинский,2,,,Никонова Наталия Петровна,501-44
пятница,5,Сестринское дело (лек 8 ч ),лекция,А636,Никонова Наталия Петровна,знаменатель,501-44,,0,False,False,,медицинский,2,,,Никонова Наталия Петровна,501-44
пятница,6,Основы предпринимательской деятельности,практика,А410,Луценко Е.Е.,числитель,501-44,,0,False,False,,медицинский,2,,,Луценко Е.Е.,501-44
суббота,1,----------------- Биохимия,практика,А420,Ишбулатова Марианна Сергеевна,обе недели,501-44,2,1,False,False,,медицинский,2,,,Ишбулатова Марианна Сергеевна,501-44
суббота,2,Гигиена,практика,А431,Астраханцев В.Д.,обе недели,501-44,1,2,False,False,,медицинский,2,,,Астраханцев В.Д.,501-44
суббота,2,Биохимия,практика,А420,Ишбулатова М.С.,обе недели,501-44,2,2,False,False,,медицинский,2,,,Ишбулатова М.С.,501-44
суббота,2,Гигиена,практика,А431,Астраханцев В.Д.,обе недели,501-44,1,2,False,False,,медицинский,2,,,Астраханцев В.Д.,501-44
суббота,2,Биохимия,практика,А420,Ишбулатова М.С.,обе недели,501-44,2,2,False,False,,медицинский,2,,,Ишбулатова М.С.,501-44
суббота,3,Учебная практика,практика,А504,Астраханцев В.Д.; Луценко Е.Е,обе недели,501-44,,0,False,False,,медицинский,2,,,Астраханцев В.Д.; Луценко Е.Е,501-44
суббота,4,Психология и педагогика,практика,А515,Болотов С.В.;  Луценко Е.Е,обе недели,501-44,,0,False,False,,медицинский,2,,,Болотов С.В.;  Луценко Е.Е,501-44
понедельник,1,Патофизиология,практика,А534,,обе недели,501-31,1,1,False,False,,медицинский,3,,,,501-31
понедельник,2,Патофизиология'--------,практика,А534,,обе недели,501-31,1,1,False,False,,медицинский,3,,,,501-31
понедельник,3,Фармакология,практика,А434,,обе недели,501-31,1,2,False,False,,медицинский,3,,,,501-31
понедельник,3,Лучевая диагностика,практика,СОКБ,,обе недели,501-31,3,2,False,False,,медицинский,3,,,,501-31
понедельник,3,Фармакология,практика,А434,,обе недели,501-31,1,2,False,False,,медицинский,3,,,,501-31
понедельник,3,Лучевая диагностика,практика,СОКБ,,обе недели,501-31,3,2,False,False,,медицинский,3,,,,501-31
понедельник,4,------------------ Ин. язык в проф. сфере,практика,А517,,обе недели,501-31,2,1,False,False,,медицинский,3,,,,501-31
понедельник,5,Ин. язык в проф. сфере,практика,А517,,обе недели,501-31,1,2,False,False,,медицинский,3,,,,501-31
понедельник,5,ПВБ (36 ч),практика,СОКБ,,обе недели,501-31,3,2,False,False,,медицинский,3,,,,501-31
понедельник,5,Ин. язык в проф. сфере,практика,А517,,обе недели,501-31,1,2,False,False,,медицинский,3,,,,501-31
понедельник,5,ПВБ (36 ч),практика,СОКБ,,обе недели,501-31,3,2,False,False,,медицинский,3,,,,501-31
понедельник,6,ПВБ (36 ч),практика,СОКБ,,обе недели,501-31,3,1,False,False,,медицинский,3,,,,501-31
вторник,4,"Топографическая анатомия, оперативная хирургия '",лекция,А2Б,,числитель,501-31,,0,False,False,,медицинский,3,,,,501-31
вторник,4,Общая хирургия,лекция,А436,,знаменатель,501-31,,0,False,False,,медицинский,3,,,,501-31
вторник,5,Пропедевтика внутренних болезней,лекция,А636,,числитель,501-31,,0,False,False,,медицинский,3,,,,501-31
вторник,5,Лучевая диагностика,лекция,А436,,знаменатель,501-31,,0,False,False,,медицинский,3,,,,501-31
среда,1,Лучевая диагностика,практика,СОКБ,,обе недели,501-31,1,1,False,False,,медицинский,3,,,,501-31
среда,2,------------------------------,,А25,,обе недели,501-31,2,1,False,False,,медицинский,3,,,,501-31
среда,2,------------------------------,,СОКБ,,обе недели,501-31,2,1,False,False,,медицинский,3,,,,501-31
среда,2,Пат. анатомия,практика,А531,,обе недели,501-31,2,1,False,False,,медицинский,3,,,,501-31
среда,3,"Топ. анатомия, опер. хир.",практика,А25,,обе недели,501-31,1,2,False,False,,медицинский,3,,,,501-31
среда,3,Пат. анатомия,практика,А531,,обе недели,501-31,2,2,False,False,,медицинский,3,,,,501-31
среда,3,"Топ. анатомия, опер. хир.",практика,А25,,обе недели,501-31,1,2,False,False,,медицинский,3,,,,501-31
среда,3,Пат. анатомия,практика,А531,,обе недели,501-31,2,2,False,False,,медицинский,3,,,,501-31
среда,4,"ПВБ (36 ч) Топ. анатомия, опер. хир.",практика,СОКБ,,обе недели,501-31,1,2,False,False,,медицинский,3,,,,501-31
среда,4,"ПВБ (36 ч) Топ. анатомия, опер. хир.",практика,А25,,обе недели,501-31,3,2,False,False,,медицинский,3,,,,501-31
среда,4,"ПВБ (36 ч) Топ. анатомия, опер. хир.",практика,СОКБ,,обе недели,501-31,1,2,False,False,,медицинский,3,,,,501-31
среда,4,"ПВБ (36 ч) Топ. анатомия, опер. хир.",практика,А25,,обе недели,501-31,3,2,False,False,,медицинский,3,,,,501-31
среда,5,ПВБ (36 ч)-------------------------,практика,СОКБ,,обе недели,501-31,1,1,False,False,,медицинский,3,,,,501-31
среда,6,"Топ. анатомия, опер. хир.",практика,А25,,обе недели,501-31,2,1,False,False,,медицинский,3,,,,501-31
четверг,1,Патофизиология,практика,А533,,обе недели,501-31,2,1,False,False,,медицинский,3,,,,501-31
четверг,2,Пат. анатомия,практика,А531,,обе недели,501-31,1,2,False,False,,медицинский,3,,,,501-31
четверг,2,Патофизиология,практика,А533,,обе недели,501-31,2,2,False,False,,медицинский,3,,,,501-31
четверг,2,Пат. анатомия,практика,А531,,обе недели,501-31,1,2,False,False,,медицинский,3,,,,501-31
четверг,2,Патофизиология,практика,А533,,обе недели,501-31,2,2,False,False,,медицинский,3,,,,501-31
четверг,3,Пат. анатомия,практика,А531,,обе недели,501-31,1,1,False,False,,медицинский,3,,,,501-31
пятница,1,ПВБ (36 ч),практика,СОКБ,,обе недели,501-31,2,1,False,False,,медицинский,3,,,,501-31
пятница,2,ПВБ (36 ч),практика,СОКБ,,обе недели,501-31,2,1,False,False,,медицинский,3,,,,501-31
пятница,3,Фармакология,лекция,А2Б,,числитель,501-31,,0,False,False,,медицинский,3,,,,501-31
пятница,4,Патологическая анатомия,лекция,А636,,числитель,501-31,,0,False,False,,медицинский,3,,,,501-31
пятница,4,Патофизиология,лекция,А636,,знаменатель,501-31,,0,False,False,,медицинский,3,,,,501-31
пятница,5,Общая хирургия (28 ч),практика,СОКБ,,обе недели,501-31,2,2,False,False,,медицинский,3,,,,501-31
пятница,5,Общая хирургия (28 ч),практика,СОКБ,,обе недели,501-31,3,2,False,False,,медицинский,3,,,,501-31
пятница,5,Общая хирургия (28 ч),практика,СОКБ,,обе недели,501-31,2,2,False,False,,медицинский,3,,,,501-31
пятница,5,Общая хирургия (28 ч),практика,СОКБ,,обе недели,501-31,3,2,False,False,,медицинский,3,,,,501-31
пятница,6,Общая хирургия (28 ч),практика,СОКБ,,обе недели,501-31,2,2,False,False,,медицинский,3,,,,501-31
пятница,6,Общая хирургия (28 ч),практика,СОКБ,,обе недели,501-31,3,2,False,False,,медицинский,3,,,,501-31
пятница,6,Общая хирургия (28 ч),практика,СОКБ,,обе недели,501-31,2,2,False,False,,медицинский,3,,,,501-31
пятница,6,Общая хирургия (28 ч),практика,СОКБ,,обе недели,501-31,3,2,False,False,,медицинский,3,,,,501-31
суббота,1,Общая хирургия (28 ч),практика,СОКБ,,обе недели,501-31,1,2,False,False,,медицинский,3,,,,501-31
суббота,1,Фармакология,практика,А439,,обе недели,501-31,2,2,False,False,,медицинский,3,,,,501-31
суббота,1,Общая хирургия (28 ч),практика,СОКБ,,обе недели,501-31,1,2,False,False,,медицинский,3,,,,501-31
суббота,1,Фармакология,практика,А439,,обе недели,501-31,2,2,False,False,,медицинский,3,,,,501-31
суббота,2,Общая хирургия (28 ч)--------------,практика,СОКБ,,обе недели,501-31,1,1,False,False,,медицинский,3,,,,501-31
суббота,3,Лучевая диагностика,практика,СОКБ,,обе недели,501-31,2,1,False,False,,медицинский,3,,,,501-31
суббота,4,Основы экономической культуры,практика,А613,,обе недели,501-31,,0,False,False,,медицинский,3,,,,501-31
понедельник,2,ПВБ (36ч),практика,СОКБ,,обе недели,501-32,3,1,False,False,,медицинский,3,,,,501-32
понедельник,3,Ин. язык в проф. сфере,практика,А517,,обе недели,501-32,2,2,False,False,,медицинский,3,,,,501-32
понедельник,3,ПВБ (36ч),практика,СОКБ,,обе недели,501-32,3,2,False,False,,медицинский,3,,,,501-32
понедельник,3,Ин. язык в проф. сфере,практика,А517,,обе недели,501-32,2,2,False,False,,медицинский,3,,,,501-32
понедельник,3,ПВБ (36ч),практика,СОКБ,,обе недели,501-32,3,2,False,False,,медицинский,3,,,,501-32
понедельник,4,Пат. анатомия,практика,А531,,обе недели,501-32,1,2,False,False,,медицинский,3,,,,501-32
понедельник,4,Ин. язык в проф. сфере,практика,К526,,обе недели,501-32,3,2,False,False,,медицинский,3,,,,501-32
понедельник,4,Пат. анатомия,практика,А531,,обе недели,501-32,1,2,False,False,,медицинский,3,,,,501-32
понедельник,4,Ин. язык в проф. сфере,практика,К526,,обе недели,501-32,3,2,False,False,,медицинский,3,,,,501-32
понедельник,5,Пат. анатомия-----------------------------------,практика,А531,,обе недели,501-32,1,1,False,False,,медицинский,3,,,,501-32
понедельник,6,"Топ. анатомия, опер. хир.",практика,А25,,обе недели,501-32,3,1,False,False,,медицинский,3,,,,501-32
вторник,4,"Топографическая анатомия, оперативная хирургия '",лекция,А2Б,,числитель,501-32,,0,False,False,,медицинский,3,,,,501-32
вторник,4,Общая хирургия,лекция,А436,,знаменатель,501-32,,0,False,False,,медицинский,3,,,,501-32
вторник,5,Пропедевтика внутренних болезней,лекция,А636,,числитель,501-32,,0,False,False,,медицинский,3,,,,501-32
вторник,5,Лучевая диагностика,лекция,А436,,знаменатель,501-32,,0,False,False,,медицинский,3,,,,501-32
вторник,6,Основы экономической культуры,практика,А410,,обе недели,501-32,,0,False,False,,медицинский,3,,,,501-32
среда,1,Фармакология,практика,А434,,обе недели,501-32,1,1,False,False,,медицинский,3,,,,501-32
среда,2,----------------- --------------,,СОКБ,,обе недели,501-32,,0,False,False,,медицинский,3,,,,501-32
среда,2,-------------------------------,,А434,,обе недели,501-32,,0,False,False,,медицинский,3,,,,501-32
среда,3,Лучевая диагностика,практика,СОКБ,,обе недели,501-32,3,1,False,False,,медицинский,3,,,,501-32
среда,4,Лучевая диагностика,практика,СОКБ,,обе недели,501-32,2,2,False,False,,медицинский,3,,,,501-32
среда,4,Общая хирургия (28 ч),практика,СОКБ,,обе недели,501-32,3,2,False,False,,медицинский,3,,,,501-32
среда,4,Лучевая диагностика,практика,СОКБ,,обе недели,501-32,2,2,False,False,,медицинский,3,,,,501-32
среда,4,Общая хирургия (28 ч),практика,СОКБ,,обе недели,501-32,3,2,False,False,,медицинский,3,,,,501-32
среда,5,'---------------- Общая хирургия (28 ч),практика,СОКБ,,обе недели,501-32,3,1,False,False,,медицинский,3,,,,501-32
четверг,1,Лучевая диагностика,практика,СОКБ,,обе недели,501-32,1,2,False,False,,медицинский,3,,,,501-32
четверг,1,ПВБ (36 ч),практика,СОКБ,,обе недели,501-32,2,2,False,False,,медицинский,3,,,,501-32
четверг,1,Лучевая диагностика,практика,СОКБ,,обе недели,501-32,1,2,False,False,,медицинский,3,,,,501-32
четверг,1,ПВБ (36 ч),практика,СОКБ,,обе недели,501-32,2,2,False,False,,медицинский,3,,,,501-32
четверг,2,'---------------- ПВБ (36ч),практика,СОКБ,,обе недели,501-32,2,1,False,False,,медицинский,3,,,,501-32
четверг,3,Ин. язык в проф. сфере,практика,А613,,обе недели,501-32,1,2,False,False,,медицинский,3,,,,501-32
четверг,3,Общая хирургия (28 ч).,практика,СОКБ,,обе недели,501-32,2,2,False,False,,медицинский,3,,,,501-32
четверг,3,Ин. язык в проф. сфере,практика,А613,,обе недели,501-32,1,2,False,False,,медицинский,3,,,,501-32
четверг,3,Общая хирургия (28 ч).,практика,СОКБ,,обе недели,501-32,2,2,False,False,,медицинский,3,,,,501-32
четверг,4,"Топ. анатомия, опер. хир.",практика,А25,,обе недели,501-32,1,2,False,False,,медицинский,3,,,,501-32
четверг,4,Общая хирургия (28 ч).,практика,СОКБ,,обе недели,501-32,2,2,False,False,,медицинский,3,,,,501-32
четверг,4,"Топ. анатомия, опер. хир.",практика,А25,,обе недели,501-32,1,2,False,False,,медицинский,3,,,,501-32
четверг,4,Общая хирургия (28 ч).,практика,СОКБ,,обе недели,501-32,2,2,False,False,,медицинский,3,,,,501-32
четверг,5,----------------------------------- -----------------------------------,,А25,,обе недели,501-32,,0,False,False,,медицинский,3,,,,501-32
четверг,6,"Топ. анатомия, опер. хир.",практика,А25,,обе недели,501-32,2,1,False,False,,медицинский,3,,,,501-32
пятница,3,Фармакология,лекция,А2Б,,числитель,501-32,,0,False,False,,медицинский,3,,,,501-32
пятница,4,Патологическая анатомия,лекция,А636,,числитель,501-32,,0,False,False,,медицинский,3,,,,501-32
пятница,4,Патофизиология,лекция,А636,,знаменатель,501-32,,0,False,False,,медицинский,3,,,,501-32
пятница,5,Патофизиология,практика,А533,,обе недели,501-32,1,2,False,False,,медицинский,3,,,,501-32
пятница,5,Пат. анатомия,практика,А531,,обе недели,501-32,2,2,False,False,,медицинский,3,,,,501-32
пятница,5,Патофизиология,практика,А533,,обе недели,501-32,1,2,False,False,,медицинский,3,,,,501-32
пятница,5,Пат. анатомия,практика,А531,,обе недели,501-32,2,2,False,False,,медицинский,3,,,,501-32
пятница,6,Патофизиология,практика,А533,,обе недели,501-32,1,2,False,False,,медицинский,3,,,,501-32
пятница,6,Пат. анатомия,практика,А531,,обе недели,501-32,2,2,False,False,,медицинский,3,,,,501-32
пятница,6,Патофизиология,практика,А533,,обе недели,501-32,1,2,False,False,,медицинский,3,,,,501-32
пятница,6,Пат. анатомия,практика,А531,,обе недели,501-32,2,2,False,False,,медицинский,3,,,,501-32
суббота,1,ПВБ (36 ч)------------------',практика,СОКБ,,обе недели,501-32,1,1,False,False,,медицинский,3,,,,501-32
суббота,2,ПВБ (36ч) Фармакология,практика,СОКБ,,обе недели,501-32,1,2,False,False,,медицинский,3,,,,501-32
суббота,2,ПВБ (36ч) Фармакология,практика,А434,,обе недели,501-32,2,2,False,False,,медицинский,3,,,,501-32
суббота,2,ПВБ (36ч) Фармакология,практика,СОКБ,,обе недели,501-32,1,2,False,False,,медицинский,3,,,,501-32
суббота,2,ПВБ (36ч) Фармакология,практика,А434,,обе недели,501-32,2,2,False,False,,медицинский,3,,,,501-32
суббота,3,Общая хирургия (28 ч).,практика,СОКБ,,обе недели,501-32,1,2,False,False,,медицинский,3,,,,501-32
суббота,3,Патофизиология,практика,А533,,обе недели,501-32,2,2,False,False,,медицинский,3,,,,501-32
суббота,3,Общая хирургия (28 ч).,практика,СОКБ,,обе недели,501-32,1,2,False,False,,медицинский,3,,,,501-32
суббота,3,Патофизиология,практика,А533,,обе недели,501-32,2,2,False,False,,медицинский,3,,,,501-32
суббота,4,Общая хирургия (28 ч).,практика,СОКБ,,обе недели,501-32,1,2,False,False,,медицинский,3,,,,501-32
суббота,4,Патофизиология,практика,А533,,обе недели,501-32,2,2,False,False,,медицинский,3,,,,501-32
суббота,4,Общая хирургия (28 ч).,практика,СОКБ,,обе недели,501-32,1,2,False,False,,медицинский,3,,,,501-32
суббота,4,Патофизиология,практика,А533,,обе недели,501-32,2,2,False,False,,медицинский,3,,,,501-32
понедельник,1,ПВБ (36 ч),практика,СОКБ,,обе недели,501-33,2,1,False,False,,медицинский,3,,,,501-33
понедельник,2,ПВБ (36 ч),практика,СОКБ,,обе недели,501-33,2,1,False,False,,медицинский,3,,,,501-33
понедельник,4,Основы экономической культуры,практика,А613,,обе недели,501-33,,0,False,False,,медицинский,3,,,,501-33
понедельник,5,Общая хирургия (28 ч),практика,СОКБ,,обе недели,501-33,1,2,False,False,,медицинский,3,,,,501-33
понедельник,5,Ин. язык в проф. сфере,практика,А518,,обе недели,501-33,3,2,False,False,,медицинский,3,,,,501-33
понедельник,5,Общая хирургия (28 ч),практика,СОКБ,,обе недели,501-33,1,2,False,False,,медицинский,3,,,,501-33
понедельник,5,Ин. язык в проф. сфере,практика,А518,,обе недели,501-33,3,2,False,False,,медицинский,3,,,,501-33
понедельник,6,Общая хирургия (28 ч),практика,СОКБ,,обе недели,501-33,1,1,False,False,,медицинский,3,,,,501-33
вторник,4,Общая хирургия,лекция,А436,,числитель,501-33,,0,False,False,,медицинский,3,,,,501-33
вторник,4,"Топографическая анатомия, оперативная хирургия",лекция,А2Б,,знаменатель,501-33,,0,False,False,,медицинский,3,,,,501-33
вторник,5,Лучевая диагностика,лекция,А436,,числитель,501-33,,0,False,False,,медицинский,3,,,,501-33
вторник,5,Пропедевтика внутренних болезней,лекция,А636,,знаменатель,501-33,,0,False,False,,медицинский,3,,,,501-33
среда,1,'Общая хирургия (28 ч),практика,СОКБ,,обе недели,501-33,2,1,False,False,,медицинский,3,,,,501-33
среда,2,ПВБ (36ч) Общая хирургия (28 ч),практика,СОКБ,,обе недели,501-33,1,2,False,False,,медицинский,3,,,,501-33
среда,2,ПВБ (36ч) Общая хирургия (28 ч),практика,СОКБ,,обе недели,501-33,2,2,False,False,,медицинский,3,,,,501-33
среда,2,ПВБ (36ч) Общая хирургия (28 ч),практика,СОКБ,,обе недели,501-33,1,2,False,False,,медицинский,3,,,,501-33
среда,2,ПВБ (36ч) Общая хирургия (28 ч),практика,СОКБ,,обе недели,501-33,2,2,False,False,,медицинский,3,,,,501-33
среда,3,ПВБ (36 ч) Общая хирургия (28 ч),практика,СОКБ,,обе недели,501-33,1,2,False,False,,медицинский,3,,,,501-33
среда,3,ПВБ (36 ч) Общая хирургия (28 ч),практика,СОКБ,,обе недели,501-33,3,2,False,False,,медицинский,3,,,,501-33
среда,3,ПВБ (36 ч) Общая хирургия (28 ч),практика,СОКБ,,обе недели,501-33,1,2,False,False,,медицинский,3,,,,501-33
среда,3,ПВБ (36 ч) Общая хирургия (28 ч),практика,СОКБ,,обе недели,501-33,3,2,False,False,,медицинский,3,,,,501-33
среда,4,'Ин. язык в проф. сфере ;,практика,А516,,обе недели,501-33,1,3,False,False,,медицинский,3,,,,501-33
среда,4,'Ин. язык в проф. сфере ;,практика,А518,,обе недели,501-33,2,3,False,False,,медицинский,3,,,,501-33
среда,4,Общая хирургия (28 ч),практика,СОКБ,,обе недели,501-33,3,3,False,False,,медицинский,3,,,,501-33
среда,4,'Ин. язык в проф. сфере ;,практика,А516,,обе недели,501-33,1,3,False,False,,медицинский,3,,,,501-33
среда,4,'Ин. язык в проф. сфере ;,практика,А518,,обе недели,501-33,2,3,False,False,,медицинский,3,,,,501-33
среда,4,Общая хирургия (28 ч),практика,СОКБ,,обе недели,501-33,3,3,False,False,,медицинский,3,,,,501-33
среда,4,'Ин. язык в проф. сфере ;,практика,А516,,обе недели,501-33,1,3,False,False,,медицинский,3,,,,501-33
среда,4,'Ин. язык в проф. сфере ;,практика,А518,,обе недели,501-33,2,3,False,False,,медицинский,3,,,,501-33
среда,4,Общая хирургия (28 ч),практика,СОКБ,,обе недели,501-33,3,3,False,False,,медицинский,3,,,,501-33
среда,5,Патофизиология,практика,А533,,обе недели,501-33,1,2,False,False,,медицинский,3,,,,501-33
среда,5,ПВБ (36 ч),практика,СОКБ,,обе недели,501-33,3,2,False,False,,медицинский,3,,,,501-33
среда,5,Патофизиология,практика,А533,,обе недели,501-33,1,2,False,False,,медицинский,3,,,,501-33
среда,5,ПВБ (36 ч),практика,СОКБ,,обе недели,501-33,3,2,False,False,,медицинский,3,,,,501-33
среда,6,Патофизиология,практика,А533,,обе недели,501-33,1,2,False,False,,медицинский,3,,,,501-33
среда,6,ПВБ (36 ч),практика,СОКБ,,обе недели,501-33,3,2,False,False,,медицинский,3,,,,501-33
среда,6,Патофизиология,практика,А533,,обе недели,501-33,1,2,False,False,,медицинский,3,,,,501-33
среда,6,ПВБ (36 ч),практика,СОКБ,,обе недели,501-33,3,2,False,False,,медицинский,3,,,,501-33
четверг,1,Лучевая диагностика,практика,СОКБ,,обе недели,501-33,2,1,False,False,,медицинский,3,,,,501-33
четверг,2,''-------- ''--------,,СОКБ,,обе недели,501-33,,0,False,False,,медицинский,3,,,,501-33
четверг,3,Лучевая диагностика,практика,СОКБ,,обе недели,501-33,3,1,False,False,,медицинский,3,,,,501-33
четверг,4,Фармакология,практика,А434,,обе недели,501-33,1,2,False,False,,медицинский,3,,,,501-33
четверг,4,Пат. анатомия,практика,А531,,обе недели,501-33,2,2,False,False,,медицинский,3,,,,501-33
четверг,4,Фармакология,практика,А434,,обе недели,501-33,1,2,False,False,,медицинский,3,,,,501-33
четверг,4,Пат. анатомия,практика,А531,,обе недели,501-33,2,2,False,False,,медицинский,3,,,,501-33
четверг,5,------------------ Пат. анатомия,практика,А531,,обе недели,501-33,2,1,False,False,,медицинский,3,,,,501-33
пятница,1,"Топ. анатомия, опер. хир",практика,А25,,обе недели,501-33,2,1,False,False,,медицинский,3,,,,501-33
пятница,2,-------------------------------,,А25,,обе недели,501-33,,0,False,False,,медицинский,3,,,,501-33
пятница,3,Фармакология,лекция,А2Б,,знаменатель,501-33,,0,False,False,,медицинский,3,,,,501-33
пятница,4,Патофизиология,лекция,А2Б,,числитель,501-33,,0,False,False,,медицинский,3,,,,501-33
пятница,4,''Патологическая анатомия,лекция,А2Б,,знаменатель,501-33,,0,False,False,,медицинский,3,,,,501-33
пятница,5,Пат. анатомия,практика,А534,,обе недели,501-33,1,2,False,False,,медицинский,3,,,,501-33
пятница,5,Патофизиология,практика,А532,,обе недели,501-33,2,2,False,False,,медицинский,3,,,,501-33
пятница,5,Пат. анатомия,практика,А534,,обе недели,501-33,1,2,False,False,,медицинский,3,,,,501-33
пятница,5,Патофизиология,практика,А532,,обе недели,501-33,2,2,False,False,,медицинский,3,,,,501-33
пятница,6,Пат. анатомия,практика,А534,,обе недели,501-33,1,2,False,False,,медицинский,3,,,,501-33
пятница,6,Патофизиология,практика,А532,,обе недели,501-33,2,2,False,False,,медицинский,3,,,,501-33
пятница,6,Пат. анатомия,практика,А534,,обе недели,501-33,1,2,False,False,,медицинский,3,,,,501-33
пятница,6,Патофизиология,практика,А532,,обе недели,501-33,2,2,False,False,,медицинский,3,,,,501-33
суббота,1,Лучевая диагностика,практика,СОКБ,,обе недели,501-33,1,2,False,False,,медицинский,3,,,,501-33
суббота,1,"Топ. анатомия, опер. хир.",практика,А25,,обе недели,501-33,3,2,False,False,,медицинский,3,,,,501-33
суббота,1,Лучевая диагностика,практика,СОКБ,,обе недели,501-33,1,2,False,False,,медицинский,3,,,,501-33
суббота,1,"Топ. анатомия, опер. хир.",практика,А25,,обе недели,501-33,3,2,False,False,,медицинский,3,,,,501-33
суббота,2,---------------------- -------------------------------,,А25,,обе недели,501-33,,0,False,False,,медицинский,3,,,,501-33
суббота,2,-----------------------------------------------------,,СОКБ,,обе недели,501-33,,0,False,False,,медицинский,3,,,,501-33
суббота,2,-----------------------------------------------------,,А439,,обе недели,501-33,,0,False,False,,медицинский,3,,,,501-33
суббота,3,"Топ. анатомия, опер. хир Фармакология, А4349",практика,А25,,обе недели,501-33,1,2,False,False,,медицинский,3,,,,501-33
суббота,3,"Топ. анатомия, опер. хир Фармакология, А4349",практика,А25,,обе недели,501-33,2,2,False,False,,медицинский,3,,,,501-33
суббота,3,"Топ. анатомия, опер. хир Фармакология, А4349",практика,А25,,обе недели,501-33,1,2,False,False,,медицинский,3,,,,501-33
суббота,3,"Топ. анатомия, опер. хир Фармакология, А4349",практика,А25,,обе недели,501-33,2,2,False,False,,медицинский,3,,,,501-33
понедельник,1,Пат. анатомия,практика,А531,,обе недели,501-34,1,1,False,False,,медицинский,3,,,,501-34
понедельник,2,Пат. анатомия,практика,А531,,обе недели,501-34,1,2,False,False,,медицинский,3,,,,501-34
понедельник,2,Ин. язык в проф. сфере .,практика,А517,,обе недели,501-34,3,2,False,False,,медицинский,3,,,,501-34
понедельник,2,Пат. анатомия,практика,А531,,обе недели,501-34,1,2,False,False,,медицинский,3,,,,501-34
понедельник,2,Ин. язык в проф. сфере .,практика,А517,,обе недели,501-34,3,2,False,False,,медицинский,3,,,,501-34
понедельник,3,Патофизиология,практика,А534,,обе недели,501-34,1,2,False,False,,медицинский,3,,,,501-34
понедельник,3,Общая хирургия (28 ч),практика,СОКБ,,обе недели,501-34,3,2,False,False,,медицинский,3,,,,501-34
понедельник,3,Патофизиология,практика,А534,,обе недели,501-34,1,2,False,False,,медицинский,3,,,,501-34
понедельник,3,Общая хирургия (28 ч),практика,СОКБ,,обе недели,501-34,3,2,False,False,,медицинский,3,,,,501-34
понедельник,4,Патофизиология,практика,А534,,обе недели,501-34,1,2,False,False,,медицинский,3,,,,501-34
понедельник,4,Общая хирургия (28 ч),практика,СОКБ,,обе недели,501-34,3,2,False,False,,медицинский,3,,,,501-34
понедельник,4,Патофизиология,практика,А534,,обе недели,501-34,1,2,False,False,,медицинский,3,,,,501-34
понедельник,4,Общая хирургия (28 ч),практика,СОКБ,,обе недели,501-34,3,2,False,False,,медицинский,3,,,,501-34
понедельник,5,Лучевая диагностика,практика,СОКБ,,обе недели,501-34,2,1,False,False,,медицинский,3,,,,501-34
понедельник,6,'--------,,СОКБ,,обе недели,501-34,,0,False,False,,медицинский,3,,,,501-34
вторник,4,Общая хирургия,лекция,А436,,числитель,501-34,,0,False,False,,медицинский,3,,,,501-34
вторник,4,"Топографическая анатомия, оперативная хирургия",лекция,А2Б,,знаменатель,501-34,,0,False,False,,медицинский,3,,,,501-34
вторник,5,Лучевая диагностика,лекция,А436,,числитель,501-34,,0,False,False,,медицинский,3,,,,501-34
вторник,5,Пропедевтика внутренних болезней,лекция,А636,,знаменатель,501-34,,0,False,False,,медицинский,3,,,,501-34
среда,1,"Топ. анатомия, опер. хир.",практика,А25,,обе недели,501-34,2,1,False,False,,медицинский,3,,,,501-34
среда,2,'-------- ---------------------------,,А25,,обе недели,501-34,,0,False,False,,медицинский,3,,,,501-34
среда,2,'-----------------------------------,,СОКБ,,обе недели,501-34,,0,False,False,,медицинский,3,,,,501-34
среда,3,Лучевая диагностика,практика,СОКБ,,обе недели,501-34,1,1,False,False,,медицинский,3,,,,501-34
четверг,1,"Топ. анатомия, опер. хир.",практика,А25,,обе недели,501-34,3,1,False,False,,медицинский,3,,,,501-34
четверг,2,----------------------------- ----------------------------,,А25,,обе недели,501-34,,0,False,False,,медицинский,3,,,,501-34
четверг,3,"Топ. анатомия, опер. хир.",практика,А25,,обе недели,501-34,1,2,False,False,,медицинский,3,,,,501-34
четверг,3,Патофизиология,практика,А533,,обе недели,501-34,2,2,False,False,,медицинский,3,,,,501-34
четверг,3,"Топ. анатомия, опер. хир.",практика,А25,,обе недели,501-34,1,2,False,False,,медицинский,3,,,,501-34
четверг,3,Патофизиология,практика,А533,,обе недели,501-34,2,2,False,False,,медицинский,3,,,,501-34
четверг,4,Ин. язык в проф. сфере .,практика,А502,,обе недели,501-34,2,1,False,False,,медицинский,3,,,,501-34
четверг,4,Патофизиология,практика,А533,,обе недели,501-34,2,1,False,False,,медицинский,3,,,,501-34
четверг,5,Общая хирургия (28 ч),практика,СОКБ,,обе недели,501-34,1,2,False,False,,медицинский,3,,,,501-34
четверг,5,ПВБ (36 ч),практика,СОКБ,,обе недели,501-34,2,2,False,False,,медицинский,3,,,,501-34
четверг,5,Общая хирургия (28 ч),практика,СОКБ,,обе недели,501-34,1,2,False,False,,медицинский,3,,,,501-34
четверг,5,ПВБ (36 ч),практика,СОКБ,,обе недели,501-34,2,2,False,False,,медицинский,3,,,,501-34
четверг,6,Общая хирургия (28 ч),практика,СОКБ,,обе недели,501-34,1,2,False,False,,медицинский,3,,,,501-34
четверг,6,ПВБ (36 ч),практика,СОКБ,,обе недели,501-34,2,2,False,False,,медицинский,3,,,,501-34
четверг,6,Общая хирургия (28 ч),практика,СОКБ,,обе недели,501-34,1,2,False,False,,медицинский,3,,,,501-34
четверг,6,ПВБ (36 ч),практика,СОКБ,,обе недели,501-34,2,2,False,False,,медицинский,3,,,,501-34
пятница,1,Пат. анатомия,практика,А534,,обе недели,501-34,2,1,False,False,,медицинский,3,,,,501-34
пятница,2,Пат. анатомия,практика,А534,,обе недели,501-34,2,1,False,False,,медицинский,3,,,,501-34
пятница,3,Фармакология,лекция,А2Б,,знаменатель,501-34,,0,False,False,,медицинский,3,,,,501-34
пятница,4,Патофизиология,лекция,А2Б,,числитель,501-34,,0,False,False,,медицинский,3,,,,501-34
пятница,4,''Патологическая анатомия,лекция,А2Б,,знаменатель,501-34,,0,False,False,,медицинский,3,,,,501-34
пятница,5,Ин. язык в проф. сфере,практика,А517,,обе недели,501-34,1,2,False,False,,медицинский,3,,,,501-34
пятница,5,Лучевая диагностика,практика,СОКБ,,обе недели,501-34,3,2,False,False,,медицинский,3,,,,501-34
пятница,5,Ин. язык в проф. сфере,практика,А517,,обе недели,501-34,1,2,False,False,,медицинский,3,,,,501-34
пятница,5,Лучевая диагностика,практика,СОКБ,,обе недели,501-34,3,2,False,False,,медицинский,3,,,,501-34
пятница,6,Фармакология () 17.30)'--------,практика,А434,,обе недели,501-34,1,1,False,False,,медицинский,3,,,,501-34
пятница,7,------------------,,А434,,обе недели,501-34,,0,False,False,,медицинский,3,,,,501-34
суббота,1,Общая хирургия (28 ч) 'ПВБ (36 ч),практика,СОКБ,,обе недели,501-34,2,2,False,False,,медицинский,3,,,,501-34
суббота,1,Общая хирургия (28 ч) 'ПВБ (36 ч),практика,СОКБ,,обе недели,501-34,3,2,False,False,,медицинский,3,,,,501-34
суббота,1,Общая хирургия (28 ч) 'ПВБ (36 ч),практика,СОКБ,,обе недели,501-34,2,2,False,False,,медицинский,3,,,,501-34
суббота,1,Общая хирургия (28 ч) 'ПВБ (36 ч),практика,СОКБ,,обе недели,501-34,3,2,False,False,,медицинский,3,,,,501-34
суббота,2,Общая хирургия (28 ч),практика,СОКБ,,обе недели,501-34,2,2,False,False,,медицинский,3,,,,501-34
суббота,2,ПВБ (36 ч),практика,СОКБ,,обе недели,501-34,3,2,False,False,,медицинский,3,,,,501-34
суббота,2,Общая хирургия (28 ч),практика,СОКБ,,обе недели,501-34,2,2,False,False,,медицинский,3,,,,501-34
суббота,2,ПВБ (36 ч),практика,СОКБ,,обе недели,501-34,3,2,False,False,,медицинский,3,,,,501-34
суббота,3,ПВБ (36 ч) Фармакология,практика,СОКБ,,обе недели,501-34,1,2,False,False,,медицинский,3,,,,501-34
суббота,3,ПВБ (36 ч) Фармакология,практика,А434,,обе недели,501-34,2,2,False,False,,медицинский,3,,,,501-34
суббота,3,ПВБ (36 ч) Фармакология,практика,СОКБ,,обе недели,501-34,1,2,False,False,,медицинский,3,,,,501-34
суббота,3,ПВБ (36 ч) Фармакология,практика,А434,,обе недели,501-34,2,2,False,False,,медицинский,3,,,,501-34
суббота,4,ПВБ (36 ч)------------------,практика,СОКБ,,обе недели,501-34,1,1,False,False,,медицинский,3,,,,501-34
суббота,5,'Основы экономической культуры,практика,А613,,обе недели,501-34,,0,False,False,,медицинский,3,,,,501-34
понедельник,1,Общая хирургия (28 ч),практика,СОКБ,,обе недели,501-35,1,1,False,False,,медицинский,3,,,,501-35
понедельник,2,Общая хирургия (28ч),практика,СОКБ,,обе недели,501-35,1,2,False,False,,медицинский,3,,,,501-35
понедельник,2,Патофизиология,практика,А532,,обе недели,501-35,2,2,False,False,,медицинский,3,,,,501-35
понедельник,2,Общая хирургия (28ч),практика,СОКБ,,обе недели,501-35,1,2,False,False,,медицинский,3,,,,501-35
понедельник,2,Патофизиология,практика,А532,,обе недели,501-35,2,2,False,False,,медицинский,3,,,,501-35
понедельник,3,ПВБ (36 ч) Патофизиология,практика,СОКБ,,обе недели,501-35,1,2,False,False,,медицинский,3,,,,501-35
понедельник,3,ПВБ (36 ч) Патофизиология,практика,А532,,обе недели,501-35,2,2,False,False,,медицинский,3,,,,501-35
понедельник,3,ПВБ (36 ч) Патофизиология,практика,СОКБ,,обе недели,501-35,1,2,False,False,,медицинский,3,,,,501-35
понедельник,3,ПВБ (36 ч) Патофизиология,практика,А532,,обе недели,501-35,2,2,False,False,,медицинский,3,,,,501-35
понедельник,4,ПВБ (36 ч),практика,СОКБ,,обе недели,501-35,1,1,False,False,,медицинский,3,,,,501-35
понедельник,5,Основы экономической культуры,практика,А613,,обе недели,501-35,,0,False,False,,медицинский,3,,,,501-35
вторник,4,Общая хирургия,лекция,А436,,числитель,501-35,,0,False,False,,медицинский,3,,,,501-35
вторник,4,"Топографическая анатомия, оперативная хирургия",лекция,А2Б,,знаменатель,501-35,,0,False,False,,медицинский,3,,,,501-35
вторник,5,Лучевая диагностика,лекция,А436,,числитель,501-35,,0,False,False,,медицинский,3,,,,501-35
вторник,5,Пропедевтика внутренних болезней,лекция,А636,,знаменатель,501-35,,0,False,False,,медицинский,3,,,,501-35
вторник,6,"Топ. анатомия, опер. хир.",практика,А25,,обе недели,501-35,1,2,False,False,,медицинский,3,,,,501-35
вторник,6,ПВБ (36 ч),практика,СОКБ,,обе недели,501-35,3,2,False,False,,медицинский,3,,,,501-35
вторник,6,"Топ. анатомия, опер. хир.",практика,А25,,обе недели,501-35,1,2,False,False,,медицинский,3,,,,501-35
вторник,6,ПВБ (36 ч),практика,СОКБ,,обе недели,501-35,3,2,False,False,,медицинский,3,,,,501-35
вторник,7,---------------------------,,А25,,обе недели,501-35,,0,False,False,,медицинский,3,,,,501-35
среда,2,Патофизиология,практика,А534,,обе недели,501-35,1,2,False,False,,медицинский,3,,,,501-35
среда,2,Пат. анатомия,практика,А533,,обе недели,501-35,2,2,False,False,,медицинский,3,,,,501-35
среда,2,Патофизиология,практика,А534,,обе недели,501-35,1,2,False,False,,медицинский,3,,,,501-35
среда,2,Пат. анатомия,практика,А533,,обе недели,501-35,2,2,False,False,,медицинский,3,,,,501-35
среда,3,Патофизиология,практика,А534,,обе недели,501-35,1,2,False,False,,медицинский,3,,,,501-35
среда,3,Пат. анатомия,практика,А533,,обе недели,501-35,2,2,False,False,,медицинский,3,,,,501-35
среда,3,Патофизиология,практика,А534,,обе недели,501-35,1,2,False,False,,медицинский,3,,,,501-35
среда,3,Пат. анатомия,практика,А533,,обе недели,501-35,2,2,False,False,,медицинский,3,,,,501-35
среда,4,Пат. анатомия,практика,А531,,обе недели,501-35,1,2,False,False,,медицинский,3,,,,501-35
среда,4,Общая хирургия (28 ч),практика,СОКБ,,обе недели,501-35,3,2,False,False,,медицинский,3,,,,501-35
среда,4,Пат. анатомия,практика,А531,,обе недели,501-35,1,2,False,False,,медицинский,3,,,,501-35
среда,4,Общая хирургия (28 ч),практика,СОКБ,,обе недели,501-35,3,2,False,False,,медицинский,3,,,,501-35
среда,5,Пат. анатомия,практика,А531,,обе недели,501-35,1,2,False,False,,медицинский,3,,,,501-35
среда,5,Общая хирургия (28 ч),практика,СОКБ,,обе недели,501-35,3,2,False,False,,медицинский,3,,,,501-35
среда,5,Пат. анатомия,практика,А531,,обе недели,501-35,1,2,False,False,,медицинский,3,,,,501-35
среда,5,Общая хирургия (28 ч),практика,СОКБ,,обе недели,501-35,3,2,False,False,,медицинский,3,,,,501-35
четверг,1,Ин. язык в проф. сфере,практика,А517,,обе недели,501-35,3,1,False,False,,медицинский,3,,,,501-35
четверг,2,Общая хирургия (28ч)---------------------------------,практика,СОКБ,,обе недели,501-35,2,1,False,False,,медицинский,3,,,,501-35
четверг,3,Общая хирургия (28ч),практика,СОКБ,,обе недели,501-35,2,1,False,False,,медицинский,3,,,,501-35
четверг,3,Фармакология,практика,А434,,обе недели,501-35,2,1,False,False,,медицинский,3,,,,501-35
четверг,4,Ин. язык в проф. сфере,практика,А515,,обе недели,501-35,1,2,False,False,,медицинский,3,,,,501-35
четверг,4,Лучевая диагностика,практика,СОКБ,,обе недели,501-35,2,2,False,False,,медицинский,3,,,,501-35
четверг,4,Ин. язык в проф. сфере,практика,А515,,обе недели,501-35,1,2,False,False,,медицинский,3,,,,501-35
четверг,4,Лучевая диагностика,практика,СОКБ,,обе недели,501-35,2,2,False,False,,медицинский,3,,,,501-35
четверг,5,''--------,,СОКБ,,обе недели,501-35,,0,False,False,,медицинский,3,,,,501-35
пятница,1,Лучевая диагностика,практика,СОКБ,,обе недели,501-35,1,2,False,False,,медицинский,3,,,,501-35
пятница,1,ПВБ (36 ч),практика,СОКБ,,обе недели,501-35,2,2,False,False,,медицинский,3,,,,501-35
пятница,1,Лучевая диагностика,практика,СОКБ,,обе недели,501-35,1,2,False,False,,медицинский,3,,,,501-35
пятница,1,ПВБ (36 ч),практика,СОКБ,,обе недели,501-35,2,2,False,False,,медицинский,3,,,,501-35
пятница,2,'-------- ПВБ (36 ч),практика,СОКБ,,обе недели,501-35,2,1,False,False,,медицинский,3,,,,501-35
пятница,3,Фармакология,лекция,А2Б,,знаменатель,501-35,,0,False,False,,медицинский,3,,,,501-35
пятница,4,Патофизиология,лекция,А2Б,,числитель,501-35,,0,False,False,,медицинский,3,,,,501-35
пятница,4,''Патологическая анатомия,лекция,А2Б,,знаменатель,501-35,,0,False,False,,медицинский,3,,,,501-35
пятница,5,"Топ. анатомия, опер. хир.",практика,А25,,обе недели,501-35,2,2,False,False,,медицинский,3,,,,501-35
пятница,5,Лучевая диагностика,практика,СОКБ,,обе недели,501-35,3,2,False,False,,медицинский,3,,,,501-35
пятница,5,"Топ. анатомия, опер. хир.",практика,А25,,обе недели,501-35,2,2,False,False,,медицинский,3,,,,501-35
пятница,5,Лучевая диагностика,практика,СОКБ,,обе недели,501-35,3,2,False,False,,медицинский,3,,,,501-35
пятница,6,---------------------------'--------------,,А25,,обе недели,501-35,,0,False,False,,медицинский,3,,,,501-35
пятница,6,--------------------------- '--------------,,СОКБ,,обе недели,501-35,,0,False,False,,медицинский,3,,,,501-35
пятница,7,"Топ. анатомия, опер. хир",практика,А25,,обе недели,501-35,3,1,False,False,,медицинский,3,,,,501-35
суббота,3,Ин. язык в проф. сфере,практика,А517,,обе недели,501-35,2,2,False,False,,медицинский,3,,,,501-35
суббота,3,ПВБ (36 ч),практика,СОКБ,,обе недели,501-35,3,2,False,False,,медицинский,3,,,,501-35
суббота,3,Ин. язык в проф. сфере,практика,А517,,обе недели,501-35,2,2,False,False,,медицинский,3,,,,501-35
суббота,3,ПВБ (36 ч),практика,СОКБ,,обе недели,501-35,3,2,False,False,,медицинский,3,,,,501-35
суббота,4,Фармакология,практика,А439,,обе недели,501-35,1,1,False,False,,медицинский,3,,,,501-35
суббота,5,------------------,,А439,,обе недели,501-35,,0,False,False,,медицинский,3,,,,501-35
понедельник,5,"Неврология, медицинская генетика, нейрохирургия",лекция,А2Б,,числитель,501-21-501-24,,0,False,False,,медицинский,4,,,,501-21-501-24
вторник,5,Акушерство (лек 8ч,лекция,ЭОиДОТ,,числитель,501-21-501-24,,0,False,True,,медицинский,4,,,,501-21-501-24
среда,5,"Инфекционные болезни , / /Педиатрия",лекция,ЭОиДОТ,,обе недели,501-21-501-24,,0,False,True,,медицинский,4,,,,501-21-501-24
четверг,5,Факультетская терапия,лекция,ЭОиДОТ,,числитель,501-21-501-24,,0,False,True,,медицинский,4,,,,501-21-501-24
пятница,5,Урология,лекция,ЭОиДОТ,,числитель,501-21-501-24,,0,False,True,,медицинский,4,,,,501-21-501-24
пятница,5,/ Факультетская хирургия,лекция,ЭОиДОТ,,знаменатель,501-21-501-24,,0,False,True,,медицинский,4,,,,501-21-501-24
суббота,5,Иммунология и аллергология,лекция,ЭОиДОТ,,числитель,501-21-501-24,,0,False,True,,медицинский,4,,,,501-21-501-24
понедельник,5,Эндокринология,лекция,ЭОиДОТ,,числитель,501-11,,0,False,True,,медицинский,5,,,,501-11
понедельник,5,Эндокринология,лекция,ЭОиДОТ,,числитель,501-12,,0,False,True,,медицинский,5,,,,501-12
понедельник,5,Эндокринология,лекция,ЭОиДОТ,,числитель,501-13,,0,False,True,,медицинский,5,,,,501-13
понедельник,5,Госпитальная терапия,лекция,ЭОиДОТ,,знаменатель,501-11,,0,False,True,,медицинский,5,,,,501-11
понедельник,5,Госпитальная терапия,лекция,ЭОиДОТ,,знаменатель,501-12,,0,False,True,,медицинский,5,,,,501-12
понедельник,5,Госпитальная терапия,лекция,ЭОиДОТ,,знаменатель,501-13,,0,False,True,,медицинский,5,,,,501-13
вторник,5,"Госпитальная хирургия, детская хирургия",лекция,ЭОиДОТ,,числитель,501-11,,0,False,True,,медицинский,5,,,,501-11
вторник,5,"Госпитальная хирургия, детская хирургия",лекция,ЭОиДОТ,,числитель,501-12,,0,False,True,,медицинский,5,,,,501-12
вторник,5,"Госпитальная хирургия, детская хирургия",лекция,ЭОиДОТ,,числитель,501-13,,0,False,True,,медицинский,5,,,,501-13
среда,5,Гинекология,лекция,ЭОиДОТ,,числитель,501-11,,0,False,True,,медицинский,5,,,,501-11
среда,5,Гинекология,лекция,ЭОиДОТ,,числитель,501-12,,0,False,True,,медицинский,5,,,,501-12
среда,5,Гинекология,лекция,ЭОиДОТ,,числитель,501-13,,0,False,True,,медицинский,5,,,,501-13
среда,5,"Общественное здоровье и здравоохранение, экономика здравоохранения",лекция,А2Б,,знаменатель,501-11,,0,False,True,,медицинский,5,,,,501-11
среда,5,"Общественное здоровье и здравоохранение, экономика здравоохранения",лекция,А2Б,,знаменатель,501-12,,0,False,True,,медицинский,5,,,,501-12
среда,5,"Общественное здоровье и здравоохранение, экономика здравоохранения",лекция,А2Б,,знаменатель,501-13,,0,False,True,,медицинский,5,,,,501-13
четверг,5,Акушерство,лекция,ЭОиДОТ,,обе недели,501-11,,0,False,True,,медицинский,5,,,,501-11
четверг,5,Акушерство,лекция,ЭОиДОТ,,обе недели,501-12,,0,False,True,,медицинский,5,,,,501-12
четверг,5,Акушерство,лекция,ЭОиДОТ,,обе недели,501-13,,0,False,True,,медицинский,5,,,,501-13
пятница,5,Фтизиатрия,лекция,ЭОиДОТ,,числитель,501-11,,0,False,True,,медицинский,5,,,,501-11
пятница,5,Фтизиатрия,лекция,ЭОиДОТ,,числитель,501-12,,0,False,True,,медицинский,5,,,,501-12
пятница,5,Фтизиатрия,лекция,ЭОиДОТ,,числитель,501-13,,0,False,True,,медицинский,5,,,,501-13
пятница,5,Поликлиническая терапия,лекция,ЭОиДОТ,,знаменатель,501-11,,0,False,True,,медицинский,5,,,,501-11
пятница,5,Поликлиническая терапия,лекция,ЭОиДОТ,,знаменатель,501-12,,0,False,True,,медицинский,5,,,,501-12
пятница,5,Поликлиническая терапия,лекция,ЭОиДОТ,,знаменатель,501-13,,0,False,True,,медицинский,5,,,,501-13
суббота,5,"Психиатрия, медицинская психология",лекция,А636,,числитель,501-11,,0,False,False,,медицинский,5,,,,501-11
суббота,5,"Психиатрия, медицинская психология",лекция,А636,,числитель,501-12,,0,False,False,,медицинский,5,,,,501-12
суббота,5,"Психиатрия, медицинская психология",лекция,А636,,числитель,501-13,,0,False,False,,медицинский,5,,,,501-13
понедельник,4,Медицинская реабилитация,лекция,ЭОиДОТ,,числитель,501-01,,0,False,True,,медицинский,6,,,,501-01
понедельник,4,Медицинская реабилитация,лекция,ЭОиДОТ,,числитель,501-02,,0,False,True,,медицинский,6,,,,501-02
понедельник,4,Медицинская реабилитация,лекция,ЭОиДОТ,,числитель,501-03,,0,False,True,,медицинский,6,,,,501-03
понедельник,4,Поликлиническая терапия,лекция,ЭОиДОТ,,знаменатель,501-01,,0,False,True,,медицинский,6,,,,501-01
понедельник,4,Поликлиническая терапия,лекция,ЭОиДОТ,,знаменатель,501-02,,0,False,True,,медицинский,6,,,,501-02
понедельник,4,Поликлиническая терапия,лекция,ЭОиДОТ,,знаменатель,501-03,,0,False,True,,медицинский,6,,,,501-03
вторник,4,Сердечно-сосудистая хирургия и функциональная диагностика,лекция,ЭОиДОТ,,знаменатель,501-01,,0,False,True,,медицинский,6,,,,501-01
вторник,4,Сердечно-сосудистая хирургия и функциональная диагностика,лекция,ЭОиДОТ,,знаменатель,501-02,,0,False,True,,медицинский,6,,,,501-02
вторник,4,Сердечно-сосудистая хирургия и функциональная диагностика,лекция,ЭОиДОТ,,знаменатель,501-03,,0,False,True,,медицинский,6,,,,501-03
среда,4,Клиническая хирургия,лекция,ЭОиДОТ,,знаменатель,501-01,,0,False,True,,медицинский,6,,,,501-01
среда,4,Клиническая хирургия,лекция,ЭОиДОТ,,знаменатель,501-02,,0,False,True,,медицинский,6,,,,501-02
среда,4,Клиническая хирургия,лекция,ЭОиДОТ,,знаменатель,501-03,,0,False,True,,медицинский,6,,,,501-03
четверг,4,Практическое акушерство и гинекология,лекция,ЭОиДОТ,,числитель,501-01,,0,False,True,,медицинский,6,,,,501-01
четверг,4,Практическое акушерство и гинекология,лекция,ЭОиДОТ,,числитель,501-02,,0,False,True,,медицинский,6,,,,501-02
четверг,4,Практическое акушерство и гинекология,лекция,ЭОиДОТ,,числитель,501-03,,0,False,True,,медицинский,6,,,,501-03
пятница,4,"Госпитальная терапия, эндокринология",лекция,ЭОиДОТ,,числитель,501-01,,0,False,True,,медицинский,6,,,,501-01
пятница,4,"Госпитальная терапия, эндокринология",лекция,ЭОиДОТ,,числитель,501-02,,0,False,True,,медицинский,6,,,,501-02
пятница,4,"Госпитальная терапия, эндокринология",лекция,ЭОиДОТ,,числитель,501-03,,0,False,True,,медицинский,6,,,,501-03
пятница,4,"Онкология, лучевая терапия",лекция,ЭОиДОТ,,знаменатель,501-01,,0,False,True,,медицинский,6,,,,501-01
пятница,4,"Онкология, лучевая терапия",лекция,ЭОиДОТ,,знаменатель,501-02,,0,False,True,,медицинский,6,,,,501-02
пятница,4,"Онкология, лучевая терапия",лекция,ЭОиДОТ,,знаменатель,501-03,,0,False,True,,медицинский,6,,,,501-03
понедельник,1,Конституционное право,лекция,К204,,числитель,102-51,,0,False,False,,государства и права,1,40.03.01 Юриспруденция,,,102-51
понедельник,2,Теория государства и права,лекция,К204,,числитель,102-51,,0,False,False,,государства и права,1,40.03.01 Юриспруденция,,,102-51
понедельник,2,История государства и права России,лекция,К204,,знаменатель,102-51,,0,False,False,,государства и права,1,40.03.01 Юриспруденция,,,102-51
понедельник,3,ДВ 01.01: Правовое обеспечение противодействия коррупции ; ДВ 01.02: Юридическая техника,лекция,К628,,числитель,102-51,,0,False,False,,государства и права,1,40.03.01 Юриспруденция,,,102-51
понедельник,3,ДВ 01.01: Правовое обеспечение противодействия коррупции ; ДВ 01.02: Юридическая техника,лекция,К204,,числитель,102-51,,0,False,False,,государства и права,1,40.03.01 Юриспруденция,,,102-51
понедельник,3,Правовые основы противодействия экстремизму и терроризму,лекция,К204,,знаменатель,102-51,,0,False,False,,государства и права,1,40.03.01 Юриспруденция,,,102-51
понедельник,4,Теория государства и права,практика,К708,,обе недели,102-51,,0,False,False,,государства и права,1,40.03.01 Юриспруденция,,,102-51
вторник,1,ДВ 02.01: Введение в гражданское право ; ДВ 02.02: Права человека и введение в частное право,лекция,К201,,числитель,102-51,,0,False,False,,государства и права,1,40.03.01 Юриспруденция,,,102-51
вторник,1,ДВ 02.01: Введение в гражданское право ; ДВ 02.02: Права человека и введение в частное право,лекция,К204,,числитель,102-51,,0,False,False,,государства и права,1,40.03.01 Юриспруденция,,,102-51
вторник,1,Административное право,лекция,К204,,знаменатель,102-51,,0,False,False,,государства и права,1,40.03.01 Юриспруденция,,,102-51
вторник,2,Правовые основы противодействия экстремизму и терроризму,практика,К628,,числитель,102-51,,0,False,False,,государства и права,1,40.03.01 Юриспруденция,,,102-51
вторник,2,ДВ 02.01: Введение в гражданское право ДВ 02.02: Права человека и введение в частное право,практика,К707,,знаменатель,102-51,,0,False,False,,государства и права,1,40.03.01 Юриспруденция,,,102-51
вторник,2,ДВ 02.01: Введение в гражданское право ДВ 02.02: Права человека и введение в частное право,практика,К703,,знаменатель,102-51,,0,False,False,,государства и права,1,40.03.01 Юриспруденция,,,102-51
вторник,3,Цифровая грамотность,практика,К706,,обе недели,102-51,,0,False,False,,государства и права,1,40.03.01 Юриспруденция,,,102-51
вторник,4,Административное право,практика,К711,,обе недели,102-51,,0,False,False,,государства и права,1,40.03.01 Юриспруденция,,,102-51
среда,2,Физическая культура и спорт Элек. дисциплины по физ. культуре и спорту,лекция,,,числитель,102-51,,0,False,False,,государства и права,1,40.03.01 Юриспруденция,,,102-51
среда,2,Элек. дисциплины по физ. культуре и спорту,лекция,С,,знаменатель,102-51,,0,False,False,,государства и права,1,40.03.01 Юриспруденция,,,102-51
среда,4,Конституционное право,практика,К703,,обе недели,102-51,,0,False,False,,государства и права,1,40.03.01 Юриспруденция,,,102-51
среда,5,Иностранный язык,практика,К709,,обе недели,102-51,1,1,False,False,,государства и права,1,40.03.01 Юриспруденция,,,102-51
четверг,3,История государства и права России,практика,К708,,обе недели,102-51,,0,False,False,,государства и права,1,40.03.01 Юриспруденция,,,102-51
четверг,4,История России,практика,К709,,обе недели,102-51,,0,False,False,,государства и права,1,40.03.01 Юриспруденция,,,102-51
четверг,5,Иностранный язык,практика,К723,,обе недели,102-51,2,1,False,False,,государства и права,1,40.03.01 Юриспруденция,,,102-51
пятница,1,ДВ 01.01: Правовое обеспечение противодействия коррупции ; ДВ 01.02: Юридическая техника,практика,К628,,числитель,102-51,,0,False,False,,государства и права,1,40.03.01 Юриспруденция,,,102-51
пятница,1,ДВ 01.01: Правовое обеспечение противодействия коррупции ; ДВ 01.02: Юридическая техника,практика,К710,,числитель,102-51,,0,False,False,,государства и права,1,40.03.01 Юриспруденция,,,102-51
пятница,2,Русский язык и культура речи,практика,К708,,обе недели,102-51,,0,False,False,,государства и права,1,40.03.01 Юриспруденция,,,102-51
пятница,3,Элективные дисциплины по физической культуре и спорту,лекция,С,,обе недели,102-51,,0,False,False,,государства и права,1,40.03.01 Юриспруденция,,,102-51
суббота,1,День самостоятельной работы,,,,обе недели,102-51,,0,False,False,,государства и права,1,40.03.01 Юриспруденция,,,102-51
понедельник,1,Конституционное право,лекция,К204,,числитель,102-52,,0,False,False,,государства и права,1,40.03.01 Юриспруденция,,,102-52
понедельник,2,Теория государства и права,лекция,К204,,числитель,102-52,,0,False,False,,государства и права,1,40.03.01 Юриспруденция,,,102-52
понедельник,2,История государства и права России,лекция,К204,,знаменатель,102-52,,0,False,False,,государства и права,1,40.03.01 Юриспруденция,,,102-52
понедельник,3,ДВ 01.01: Правовое обеспечение противодействия коррупции ; ДВ 01.02: Юридическая техника,лекция,К628,,числитель,102-52,,0,False,False,,государства и права,1,40.03.01 Юриспруденция,,,102-52
понедельник,3,ДВ 01.01: Правовое обеспечение противодействия коррупции ; ДВ 01.02: Юридическая техника,лекция,К204,,числитель,102-52,,0,False,False,,государства и права,1,40.03.01 Юриспруденция,,,102-52
понедельник,3,Правовые основы противодействия экстремизму и терроризму,лекция,К204,,знаменатель,102-52,,0,False,False,,государства и права,1,40.03.01 Юриспруденция,,,102-52
вторник,1,ДВ 02.01: Введение в гражданское право ; ДВ 02.02: Права человека и введение в частное право,лекция,К201,,числитель,102-52,,0,False,False,,государства и права,1,40.03.01 Юриспруденция,,,102-52
вторник,1,ДВ 02.01: Введение в гражданское право ; ДВ 02.02: Права человека и введение в частное право,лекция,К204,,числитель,102-52,,0,False,False,,государства и права,1,40.03.01 Юриспруденция,,,102-52
вторник,1,Административное право,лекция,К204,,знаменатель,102-52,,0,False,False,,государства и права,1,40.03.01 Юриспруденция,,,102-52
вторник,2,ДВ 02.01: Введение в гражданское право ДВ 02.02: Права человека и введение в частное право,практика,К707,,числитель,102-52,,0,False,False,,государства и права,1,40.03.01 Юриспруденция,,,102-52
вторник,2,ДВ 02.01: Введение в гражданское право ДВ 02.02: Права человека и введение в частное право,практика,К703,,числитель,102-52,,0,False,False,,государства и права,1,40.03.01 Юриспруденция,,,102-52
вторник,2,Правовые основы противодействия экстремизму и терроризму,практика,К628,,знаменатель,102-52,,0,False,False,,государства и права,1,40.03.01 Юриспруденция,,,102-52
вторник,3,Административное право,практика,К711,,обе недели,102-52,,0,False,False,,государства и права,1,40.03.01 Юриспруденция,,,102-52
среда,1,Теория государства и права,практика,К708,,обе недели,102-52,,0,False,False,,государства и права,1,40.03.01 Юриспруденция,,,102-52
среда,2,Русский язык и культура речи,практика,К709,,обе недели,102-52,,0,False,False,,государства и права,1,40.03.01 Юриспруденция,,,102-52
среда,3,Физическая культура и спорт Элек. дисциплины по физ. культуре и спорту,лекция,,,числитель,102-52,,0,False,False,,государства и права,1,40.03.01 Юриспруденция,,,102-52
среда,3,Элек. дисциплины по физ. культуре и спорту,лекция,С,,знаменатель,102-52,,0,False,False,,государства и права,1,40.03.01 Юриспруденция,,,102-52
четверг,1,История государства и права России,практика,К708,,обе недели,102-52,,0,False,False,,государства и права,1,40.03.01 Юриспруденция,,,102-52
четверг,2,История России,практика,К709,,обе недели,102-52,,0,False,False,,государства и права,1,40.03.01 Юриспруденция,,,102-52
четверг,3,Конституционное право,практика,К703,,обе недели,102-52,,0,False,False,,государства и права,1,40.03.01 Юриспруденция,,,102-52
четверг,4,Иностранный язык,практика,К723,,обе недели,102-52,1,2,False,False,,государства и права,1,40.03.01 Юриспруденция,,,102-52
четверг,4,Иностранный язык,практика,К710,,обе недели,102-52,2,2,False,False,,государства и права,1,40.03.01 Юриспруденция,,,102-52
четверг,4,Иностранный язык,практика,К723,,обе недели,102-52,1,2,False,False,,государства и права,1,40.03.01 Юриспруденция,,,102-52
четверг,4,Иностранный язык,практика,К710,,обе недели,102-52,2,2,False,False,,государства и права,1,40.03.01 Юриспруденция,,,102-52
пятница,1,Цифровая грамотность,практика,К706,,обе недели,102-52,,0,False,False,,государства и права,1,40.03.01 Юриспруденция,,,102-52
пятница,2,ДВ 01.01: Правовое обеспечение противодействия коррупции ; ДВ 01.02: Юридическая техника,практика,К628,,знаменатель,102-52,,0,False,False,,государства и права,1,40.03.01 Юриспруденция,,,102-52
пятница,2,ДВ 01.01: Правовое обеспечение противодействия коррупции ; ДВ 01.02: Юридическая техника,практика,К710,,знаменатель,102-52,,0,False,False,,государства и права,1,40.03.01 Юриспруденция,,,102-52
суббота,3,Элективные дисциплины по физической культуре и спорту,лекция,С,,обе недели,102-52,,0,False,False,,государства и права,1,40.03.01 Юриспруденция,,,102-52
понедельник,1,Конституционное право,лекция,К204,,числитель,102-53,,0,False,False,,государства и права,1,40.03.01 Юриспруденция,,,102-53
понедельник,2,Теория государства и права,лекция,К204,,числитель,102-53,,0,False,False,,государства и права,1,40.03.01 Юриспруденция,,,102-53
понедельник,2,История государства и права России,лекция,К204,,знаменатель,102-53,,0,False,False,,государства и права,1,40.03.01 Юриспруденция,,,102-53
понедельник,3,ДВ 01.01: Правовое обеспечение противодействия коррупции ; ДВ 01.02: Юридическая техника,лекция,К628,,числитель,102-53,,0,False,False,,государства и права,1,40.03.01 Юриспруденция,,,102-53
понедельник,3,ДВ 01.01: Правовое обеспечение противодействия коррупции ; ДВ 01.02: Юридическая техника,лекция,К204,,числитель,102-53,,0,False,False,,государства и права,1,40.03.01 Юриспруденция,,,102-53
понедельник,3,Правовые основы противодействия экстремизму и терроризму,лекция,К204,,знаменатель,102-53,,0,False,False,,государства и права,1,40.03.01 Юриспруденция,,,102-53
вторник,1,ДВ 02.01: Введение в гражданское право ; ДВ 02.02: Права человека и введение в частное право,лекция,К201,,числитель,102-53,,0,False,False,,государства и права,1,40.03.01 Юриспруденция,,,102-53
вторник,1,ДВ 02.01: Введение в гражданское право ; ДВ 02.02: Права человека и введение в частное право,лекция,К204,,числитель,102-53,,0,False,False,,государства и права,1,40.03.01 Юриспруденция,,,102-53
вторник,1,Административное право,лекция,К204,,знаменатель,102-53,,0,False,False,,государства и права,1,40.03.01 Юриспруденция,,,102-53
вторник,2,Административное право,практика,К711,,обе недели,102-53,,0,False,False,,государства и права,1,40.03.01 Юриспруденция,,,102-53
вторник,3,Правовые основы противодействия экстремизму и терроризму,практика,К628,,числитель,102-53,,0,False,False,,государства и права,1,40.03.01 Юриспруденция,,,102-53
вторник,3,ДВ 02.01: Введение в гражданское право ДВ 02.02: Права человека и введение в частное право,практика,К707,,знаменатель,102-53,,0,False,False,,государства и права,1,40.03.01 Юриспруденция,,,102-53
вторник,3,ДВ 02.01: Введение в гражданское право ДВ 02.02: Права человека и введение в частное право,практика,К703,,знаменатель,102-53,,0,False,False,,государства и права,1,40.03.01 Юриспруденция,,,102-53
среда,2,Теория государства и права,практика,К708,,обе недели,102-53,,0,False,False,,государства и права,1,40.03.01 Юриспруденция,,,102-53
среда,3,Русский язык и культура речи,практика,К709,,обе недели,102-53,,0,False,False,,государства и права,1,40.03.01 Юриспруденция,,,102-53
среда,4,Физическая культура и спорт Элек. дисциплины по физ. культуре и спорту,лекция,,,числитель,102-53,,0,False,False,,государства и права,1,40.03.01 Юриспруденция,,,102-53
среда,4,Элек. дисциплины по физ. культуре и спорту,лекция,С,,знаменатель,102-53,,0,False,False,,государства и права,1,40.03.01 Юриспруденция,,,102-53
четверг,2,История государства и права России,практика,К708,,обе недели,102-53,,0,False,False,,государства и права,1,40.03.01 Юриспруденция,,,102-53
четверг,3,История России,практика,К709,,обе недели,102-53,,0,False,False,,государства и права,1,40.03.01 Юриспруденция,,,102-53
четверг,4,Конституционное право,практика,К703,,обе недели,102-53,,0,False,False,,государства и права,1,40.03.01 Юриспруденция,,,102-53
четверг,5,Иностранный язык,практика,К710,,обе недели,102-53,1,1,False,False,,государства и права,1,40.03.01 Юриспруденция,,,102-53
пятница,2,ДВ 01.01: Правовое обеспечение противодействия коррупции ; ДВ 01.02: Юридическая техника,практика,К628,,числитель,102-53,,0,False,False,,государства и права,1,40.03.01 Юриспруденция,,,102-53
пятница,2,ДВ 01.01: Правовое обеспечение противодействия коррупции ; ДВ 01.02: Юридическая техника,практика,К710,,числитель,102-53,,0,False,False,,государства и права,1,40.03.01 Юриспруденция,,,102-53
пятница,3,Цифровая грамотность,практика,К706,,обе недели,102-53,,0,False,False,,государства и права,1,40.03.01 Юриспруденция,,,102-53
пятница,4,Иностранный язык,практика,К723,,обе недели,102-53,2,1,False,False,,государства и права,1,40.03.01 Юриспруденция,,,102-53
суббота,4,Элективные дисциплины по физической культуре и спорту,лекция,С,,обе недели,102-53,,0,False,False,,государства и права,1,40.03.01 Юриспруденция,,,102-53
понедельник,1,Арктическое право /,лекция,К703,"Филиппова Н.А.,Зарипова Э.К./Зарипова Э.К.",обе недели,102-41,,0,False,False,,государства и права,2,40.03.01 Юриспруденция,Юрист общей практики со знанием иностранного языка,,102-41
понедельник,2,Основы проектной деятельности,практика,К706,Куприянова Екатерина Васильевна,обе недели,102-41,,0,False,False,,государства и права,2,40.03.01 Юриспруденция,Юрист общей практики со знанием иностранного языка,Куприянова Екатерина Васильевна,102-41
вторник,1,Иностранный язык,практика,К723,Ситникова А.Ю.,обе недели,102-41,1,2,False,False,,государства и права,2,40.03.01 Юриспруденция,Юрист общей практики со знанием иностранного языка,Ситникова А.Ю.,102-41
вторник,1,Иностранный язык,практика,К710,Костюнина М.В.,обе недели,102-41,2,2,False,False,,государства и права,2,40.03.01 Юриспруденция,Юрист общей практики со знанием иностранного языка,Костюнина М.В.,102-41
вторник,1,Иностранный язык,практика,К723,Ситникова А.Ю.,обе недели,102-41,1,2,False,False,,государства и права,2,40.03.01 Юриспруденция,Юрист общей практики со знанием иностранного языка,Ситникова А.Ю.,102-41
вторник,1,Иностранный язык,практика,К710,Костюнина М.В.,обе недели,102-41,2,2,False,False,,государства и права,2,40.03.01 Юриспруденция,Юрист общей практики со знанием иностранного языка,Костюнина М.В.,102-41
вторник,2,Уголовное право,практика,К708,Муравлянский Александр Викторович,обе недели,102-41,,0,False,False,,государства и права,2,40.03.01 Юриспруденция,Юрист общей практики со знанием иностранного языка,Муравлянский Александр Викторович,102-41
вторник,3,Работа в команде,практика,К427,Осипова Анастасия Владимировна,числитель,102-41,,0,False,False,,государства и права,2,40.03.01 Юриспруденция,Юрист общей практики со знанием иностранного языка,Осипова Анастасия Владимировна,102-41
среда,2,Гражданское право,лекция,К204,Усольцева Н.А.,числитель,102-41,,0,False,False,,государства и права,2,40.03.01 Юриспруденция,Юрист общей практики со знанием иностранного языка,Усольцева Н.А.,102-41
среда,2,Право социального обеспечения,лекция,К204,Стражевич Ю.Н.,знаменатель,102-41,,0,False,False,,государства и права,2,40.03.01 Юриспруденция,Юрист общей практики со знанием иностранного языка,Стражевич Ю.Н.,102-41
среда,3,Муниципальное право,лекция,К204,Жадобина Н.Н.,числитель,102-41,,0,False,False,,государства и права,2,40.03.01 Юриспруденция,Юрист общей практики со знанием иностранного языка,Жадобина Н.Н.,102-41
среда,3,Административное право,лекция,К204,Нехайчик В.К.,знаменатель,102-41,,0,False,False,,государства и права,2,40.03.01 Юриспруденция,Юрист общей практики со знанием иностранного языка,Нехайчик В.К.,102-41
среда,4,Уголовное право,лекция,К204,Багиров Чингиз Мамедшахович,обе недели,102-41,,0,False,False,,государства и права,2,40.03.01 Юриспруденция,Юрист общей практики со знанием иностранного языка,Багиров Чингиз Мамедшахович,102-41
четверг,1,Административное право,практика,К703,Нехайчик Владимир Казимирович,числитель,102-41,,0,False,False,,государства и права,2,40.03.01 Юриспруденция,Юрист общей практики со знанием иностранного языка,Нехайчик Владимир Казимирович,102-41
четверг,2,Право социального обеспечения,практика,К714,Стражевич Юлия Николаевна,обе недели,102-41,,0,False,False,,государства и права,2,40.03.01 Юриспруденция,Юрист общей практики со знанием иностранного языка,Стражевич Юлия Николаевна,102-41
четверг,3,Гражданское право,практика,К711,Налбандян Елена Левоновна,обе недели,102-41,,0,False,False,,государства и права,2,40.03.01 Юриспруденция,Юрист общей практики со знанием иностранного языка,Налбандян Елена Левоновна,102-41
пятница,1,Философия,практика,К709,Калинина Екатерина Александровна,знаменатель,102-41,,0,False,False,,государства и права,2,40.03.01 Юриспруденция,Юрист общей практики со знанием иностранного языка,Калинина Екатерина Александровна,102-41
пятница,2,Муниципальное право,практика,К703,Жадобина Наталья Николаевна,обе недели,102-41,,0,False,False,,государства и права,2,40.03.01 Юриспруденция,Юрист общей практики со знанием иностранного языка,Жадобина Наталья Николаевна,102-41
суббота,1,День самостоятельной работы,,,,обе недели,102-41,,0,False,False,,государства и права,2,40.03.01 Юриспруденция,Юрист общей практики со знанием иностранного языка,,102-41
понедельник,3,Основы проектной деятельности,практика,К706,,обе недели,102-42,,0,False,False,,государства и права,2,40.03.01 Юриспруденция,Юрист общей практики со знанием иностранного языка,,102-42
вторник,2,Иностранный язык,практика,К723,,обе недели,102-42,1,2,False,False,,государства и права,2,40.03.01 Юриспруденция,Юрист общей практики со знанием иностранного языка,,102-42
вторник,2,Иностранный язык,практика,К718,,обе недели,102-42,2,2,False,False,,государства и права,2,40.03.01 Юриспруденция,Юрист общей практики со знанием иностранного языка,,102-42
вторник,2,Иностранный язык,практика,К723,,обе недели,102-42,1,2,False,False,,государства и права,2,40.03.01 Юриспруденция,Юрист общей практики со знанием иностранного языка,,102-42
вторник,2,Иностранный язык,практика,К718,,обе недели,102-42,2,2,False,False,,государства и права,2,40.03.01 Юриспруденция,Юрист общей практики со знанием иностранного языка,,102-42
вторник,3,Уголовное право,практика,К708,,обе недели,102-42,,0,False,False,,государства и права,2,40.03.01 Юриспруденция,Юрист общей практики со знанием иностранного языка,,102-42
среда,2,Гражданское право,лекция,К204,,числитель,102-42,,0,False,False,,государства и права,2,40.03.01 Юриспруденция,Юрист общей практики со знанием иностранного языка,,102-42
среда,2,Право социального обеспечения,лекция,К204,,знаменатель,102-42,,0,False,False,,государства и права,2,40.03.01 Юриспруденция,Юрист общей практики со знанием иностранного языка,,102-42
среда,3,Муниципальное право,лекция,К204,,числитель,102-42,,0,False,False,,государства и права,2,40.03.01 Юриспруденция,Юрист общей практики со знанием иностранного языка,,102-42
среда,3,Административное право,лекция,К204,,знаменатель,102-42,,0,False,False,,государства и права,2,40.03.01 Юриспруденция,Юрист общей практики со знанием иностранного языка,,102-42
среда,4,Уголовное право,лекция,К204,,обе недели,102-42,,0,False,False,,государства и права,2,40.03.01 Юриспруденция,Юрист общей практики со знанием иностранного языка,,102-42
среда,5,Страхование в предпринимательской деятельности /,лекция,К714,,обе недели,102-42,,0,False,False,,государства и права,2,40.03.01 Юриспруденция,Юрист общей практики со знанием иностранного языка,,102-42
четверг,2,Работа в команде,практика,К703,,числитель,102-42,,0,False,False,,государства и права,2,40.03.01 Юриспруденция,Юрист общей практики со знанием иностранного языка,,102-42
четверг,2,Административное право,практика,К703,,знаменатель,102-42,,0,False,False,,государства и права,2,40.03.01 Юриспруденция,Юрист общей практики со знанием иностранного языка,,102-42
четверг,3,Гражданское право,практика,К718,,обе недели,102-42,,0,False,False,,государства и права,2,40.03.01 Юриспруденция,Юрист общей практики со знанием иностранного языка,,102-42
пятница,1,Философия,практика,К709,,числитель,102-42,,0,False,False,,государства и права,2,40.03.01 Юриспруденция,Юрист общей практики со знанием иностранного языка,,102-42
пятница,2,Право социального обеспечения,практика,К711,,обе недели,102-42,,0,False,False,,государства и права,2,40.03.01 Юриспруденция,Юрист общей практики со знанием иностранного языка,,102-42
пятница,3,Муниципальное право,практика,К703,,обе недели,102-42,,0,False,False,,государства и права,2,40.03.01 Юриспруденция,Юрист общей практики со знанием иностранного языка,,102-42
суббота,1,День самостоятельной работы,,,,обе недели,102-42,,0,False,False,,государства и права,2,40.03.01 Юриспруденция,Юрист общей практики со знанием иностранного языка,,102-42
понедельник,2,Правовое обеспечение систем безопасности /,лекция,К711,,обе недели,102-43,,0,False,False,,государства и права,2,40.03.01 Юриспруденция,Юрист общей практики со знанием иностранного языка,,102-43
понедельник,3,Основы проектной деятельности,практика,К608,,обе недели,102-43,,0,False,False,,государства и права,2,40.03.01 Юриспруденция,Юрист общей практики со знанием иностранного языка,,102-43
вторник,3,Иностранный язык,практика,К718,,обе недели,102-43,2,1,False,False,,государства и права,2,40.03.01 Юриспруденция,Юрист общей практики со знанием иностранного языка,,102-43
вторник,4,Уголовное право,практика,К708,,обе недели,102-43,,0,False,False,,государства и права,2,40.03.01 Юриспруденция,Юрист общей практики со знанием иностранного языка,,102-43
среда,1,Философия,практика,К428,,числитель,102-43,,0,False,False,,государства и права,2,40.03.01 Юриспруденция,Юрист общей практики со знанием иностранного языка,,102-43
среда,2,Гражданское право,лекция,К204,,числитель,102-43,,0,False,False,,государства и права,2,40.03.01 Юриспруденция,Юрист общей практики со знанием иностранного языка,,102-43
среда,2,Право социального обеспечения,лекция,К204,,знаменатель,102-43,,0,False,False,,государства и права,2,40.03.01 Юриспруденция,Юрист общей практики со знанием иностранного языка,,102-43
среда,3,Муниципальное право,лекция,К204,,числитель,102-43,,0,False,False,,государства и права,2,40.03.01 Юриспруденция,Юрист общей практики со знанием иностранного языка,,102-43
среда,3,Административное право,лекция,К204,,знаменатель,102-43,,0,False,False,,государства и права,2,40.03.01 Юриспруденция,Юрист общей практики со знанием иностранного языка,,102-43
среда,4,Уголовное право,лекция,К204,,обе недели,102-43,,0,False,False,,государства и права,2,40.03.01 Юриспруденция,Юрист общей практики со знанием иностранного языка,,102-43
четверг,1,Работа в команде,практика,К709,,числитель,102-43,,0,False,False,,государства и права,2,40.03.01 Юриспруденция,Юрист общей практики со знанием иностранного языка,,102-43
четверг,1,Административное право,практика,К703,,знаменатель,102-43,,0,False,False,,государства и права,2,40.03.01 Юриспруденция,Юрист общей практики со знанием иностранного языка,,102-43
четверг,2,Гражданское право,практика,К711,,обе недели,102-43,,0,False,False,,государства и права,2,40.03.01 Юриспруденция,Юрист общей практики со знанием иностранного языка,,102-43
четверг,3,Иностранный язык,практика,К710,,обе недели,102-43,1,1,False,False,,государства и права,2,40.03.01 Юриспруденция,Юрист общей практики со знанием иностранного языка,,102-43
пятница,3,Право социального обеспечения,практика,К711,,обе недели,102-43,,0,False,False,,государства и права,2,40.03.01 Юриспруденция,Юрист общей практики со знанием иностранного языка,,102-43
пятница,4,Муниципальное право,практика,К703,,обе недели,102-43,,0,False,False,,государства и права,2,40.03.01 Юриспруденция,Юрист общей практики со знанием иностранного языка,,102-43
суббота,1,День самостоятельной работы,,,,обе недели,102-43,,0,False,False,,государства и права,2,40.03.01 Юриспруденция,Юрист общей практики со знанием иностранного языка,,102-43
понедельник,1,Основы проектной деятельности,практика,К709,,обе недели,102-44,,0,False,False,,государства и права,2,40.03.01 Юриспруденция,Юрист общей практики со знанием иностранного языка,,102-44
понедельник,2,Правовое обеспечение систем безопасности,лекция,К711,,числитель,102-44,,0,False,False,,государства и права,2,40.03.01 Юриспруденция,Юрист общей практики со знанием иностранного языка,,102-44
понедельник,3,Правовое обеспечение систем безопасности,практика,К711,,числитель,102-44,,0,False,False,,государства и права,2,40.03.01 Юриспруденция,Юрист общей практики со знанием иностранного языка,,102-44
вторник,3,Философия,практика,К427,,знаменатель,102-44,,0,False,False,,государства и права,2,40.03.01 Юриспруденция,Юрист общей практики со знанием иностранного языка,,102-44
среда,2,Гражданское право,лекция,К204,,числитель,102-44,,0,False,False,,государства и права,2,40.03.01 Юриспруденция,Юрист общей практики со знанием иностранного языка,,102-44
среда,2,Право социального обеспечения,лекция,К204,,знаменатель,102-44,,0,False,False,,государства и права,2,40.03.01 Юриспруденция,Юрист общей практики со знанием иностранного языка,,102-44
среда,3,Муниципальное право,лекция,К204,,числитель,102-44,,0,False,False,,государства и права,2,40.03.01 Юриспруденция,Юрист общей практики со знанием иностранного языка,,102-44
среда,3,Административное право,лекция,К204,,знаменатель,102-44,,0,False,False,,государства и права,2,40.03.01 Юриспруденция,Юрист общей практики со знанием иностранного языка,,102-44
среда,4,Уголовное право,лекция,К204,,обе недели,102-44,,0,False,False,,государства и права,2,40.03.01 Юриспруденция,Юрист общей практики со знанием иностранного языка,,102-44
четверг,1,Административное право,практика,К718,,числитель,102-44,,0,False,False,,государства и права,2,40.03.01 Юриспруденция,Юрист общей практики со знанием иностранного языка,,102-44
четверг,1,Работа в команде,практика,К709,,знаменатель,102-44,,0,False,False,,государства и права,2,40.03.01 Юриспруденция,Юрист общей практики со знанием иностранного языка,,102-44
четверг,2,Гражданское право,практика,К718,,обе недели,102-44,,0,False,False,,государства и права,2,40.03.01 Юриспруденция,Юрист общей практики со знанием иностранного языка,,102-44
четверг,3,Право социального обеспечения,практика,К714,,обе недели,102-44,,0,False,False,,государства и права,2,40.03.01 Юриспруденция,Юрист общей практики со знанием иностранного языка,,102-44
пятница,4,Муниципальное право,практика,К718,,обе недели,102-44,,0,False,False,,государства и права,2,40.03.01 Юриспруденция,Юрист общей практики со знанием иностранного языка,,102-44
пятница,5,Иностранный язык,практика,К723,,обе недели,102-44,1,1,False,False,,государства и права,2,40.03.01 Юриспруденция,Юрист общей практики со знанием иностранного языка,,102-44
суббота,2,Уголовное право,практика,К714,,обе недели,102-44,,0,False,False,,государства и права,2,40.03.01 Юриспруденция,Юрист общей практики со знанием иностранного языка,,102-44
суббота,3,Иностранный язык,практика,К723,,обе недели,102-44,2,1,False,False,,государства и права,2,40.03.01 Юриспруденция,Юрист общей практики со знанием иностранного языка,,102-44
понедельник,3,ФТД: Государственный контроль в сфере нотариата /,лекция,К703,,обе недели,102-31,,0,False,False,,государства и права,3,40.03.01 Юриспруденция,Юрист общей практики со знанием иностранного языка,,102-31
понедельник,4,Уголовное право,лекция,К204,,числитель,102-31,,0,False,False,,государства и права,3,40.03.01 Юриспруденция,Юрист общей практики со знанием иностранного языка,,102-31
понедельник,4,Уголовный процесс,лекция,К204,,знаменатель,102-31,,0,False,False,,государства и права,3,40.03.01 Юриспруденция,Юрист общей практики со знанием иностранного языка,,102-31
понедельник,5,Трудовое право,лекция,К204,,числитель,102-31,,0,False,False,,государства и права,3,40.03.01 Юриспруденция,Юрист общей практики со знанием иностранного языка,,102-31
понедельник,5,Гражданский процесс,лекция,К204,,знаменатель,102-31,,0,False,False,,государства и права,3,40.03.01 Юриспруденция,Юрист общей практики со знанием иностранного языка,,102-31
вторник,3,Иностранный язык в сфере юриспруденции,,К723,,обе недели,102-31,,0,False,False,,государства и права,3,40.03.01 Юриспруденция,Юрист общей практики со знанием иностранного языка,,102-31
вторник,4,Уголовное право,практика,К628,,обе недели,102-31,,0,False,False,,государства и права,3,40.03.01 Юриспруденция,Юрист общей практики со знанием иностранного языка,,102-31
вторник,5,Трудовое право,практика,К714,,обе недели,102-31,,0,False,False,,государства и права,3,40.03.01 Юриспруденция,Юрист общей практики со знанием иностранного языка,,102-31
среда,2,Предпринимательское право,лекция,К203,,числитель,102-31,,0,False,False,,государства и права,3,40.03.01 Юриспруденция,Юрист общей практики со знанием иностранного языка,,102-31
среда,2,Экологическое право,лекция,К203,,знаменатель,102-31,,0,False,False,,государства и права,3,40.03.01 Юриспруденция,Юрист общей практики со знанием иностранного языка,,102-31
среда,3,Гражданский процесс,практика,К718,,обе недели,102-31,,0,False,False,,государства и права,3,40.03.01 Юриспруденция,Юрист общей практики со знанием иностранного языка,,102-31
среда,4,Предпринимательское право,практика,К711,,обе недели,102-31,,0,False,False,,государства и права,3,40.03.01 Юриспруденция,Юрист общей практики со знанием иностранного языка,,102-31
четверг,2,ФТД: Медицинское право /,лекция,К710,,обе недели,102-31,,0,False,False,,государства и права,3,40.03.01 Юриспруденция,Юрист общей практики со знанием иностранного языка,,102-31
четверг,3,Экологическое право,практика,К628,,обе недели,102-31,,0,False,False,,государства и права,3,40.03.01 Юриспруденция,Юрист общей практики со знанием иностранного языка,,102-31
четверг,4,Уголовный процесс,практика,К628,,обе недели,102-31,,0,False,False,,государства и права,3,40.03.01 Юриспруденция,Юрист общей практики со знанием иностранного языка,,102-31
пятница,4,Миграционное право,практика,К708,,знаменатель,102-31,,0,False,False,,государства и права,3,40.03.01 Юриспруденция,Юрист общей практики со знанием иностранного языка,,102-31
пятница,5,Миграционное право /,лекция,К708,,обе недели,102-31,,0,False,False,,государства и права,3,40.03.01 Юриспруденция,Юрист общей практики со знанием иностранного языка,,102-31
суббота,2,Криминалистика (лаб),,К630,,обе недели,102-31,,0,False,False,,государства и права,3,40.03.01 Юриспруденция,Юрист общей практики со знанием иностранного языка,,102-31
суббота,3,Криминалистика,лекция,К204,,числитель,102-31,,0,False,False,,государства и права,3,40.03.01 Юриспруденция,Юрист общей практики со знанием иностранного языка,,102-31
суббота,3,Психология инклюзивного общества (пр ),лекция,К718,,знаменатель,102-31,,0,False,False,,государства и права,3,40.03.01 Юриспруденция,Юрист общей практики со знанием иностранного языка,,102-31
понедельник,2,ФТД: Нотариат. Электронный нотариат /,лекция,К703,,обе недели,102-32,,0,False,False,,государства и права,3,40.03.01 Юриспруденция,Юрист общей практики со знанием иностранного языка,,102-32
понедельник,3,Уголовный процесс,практика,К708,,обе недели,102-32,,0,False,False,,государства и права,3,40.03.01 Юриспруденция,Юрист общей практики со знанием иностранного языка,,102-32
понедельник,4,Уголовное право,лекция,К204,,числитель,102-32,,0,False,False,,государства и права,3,40.03.01 Юриспруденция,Юрист общей практики со знанием иностранного языка,,102-32
понедельник,4,Уголовный процесс,лекция,К204,,знаменатель,102-32,,0,False,False,,государства и права,3,40.03.01 Юриспруденция,Юрист общей практики со знанием иностранного языка,,102-32
понедельник,5,Трудовое право,лекция,К204,,числитель,102-32,,0,False,False,,государства и права,3,40.03.01 Юриспруденция,Юрист общей практики со знанием иностранного языка,,102-32
понедельник,5,Гражданский процесс,лекция,К204,,знаменатель,102-32,,0,False,False,,государства и права,3,40.03.01 Юриспруденция,Юрист общей практики со знанием иностранного языка,,102-32
вторник,4,Трудовое право (пр ),,К714,,обе недели,102-32,,0,False,False,,государства и права,3,40.03.01 Юриспруденция,Юрист общей практики со знанием иностранного языка,,102-32
вторник,5,Уголовное право,практика,К628,,обе недели,102-32,,0,False,False,,государства и права,3,40.03.01 Юриспруденция,Юрист общей практики со знанием иностранного языка,,102-32
среда,2,Предпринимательское право,лекция,К203,,числитель,102-32,,0,False,False,,государства и права,3,40.03.01 Юриспруденция,Юрист общей практики со знанием иностранного языка,,102-32
среда,2,Экологическое право,лекция,К203,,знаменатель,102-32,,0,False,False,,государства и права,3,40.03.01 Юриспруденция,Юрист общей практики со знанием иностранного языка,,102-32
среда,3,ФТД: Правовое обеспечение цифровой экономики /,лекция,К714,,обе недели,102-32,,0,False,False,,государства и права,3,40.03.01 Юриспруденция,Юрист общей практики со знанием иностранного языка,,102-32
среда,4,Гражданский процесс,практика,К718,,обе недели,102-32,,0,False,False,,государства и права,3,40.03.01 Юриспруденция,Юрист общей практики со знанием иностранного языка,,102-32
четверг,3,Предпринимательское право,практика,К723,,обе недели,102-32,,0,False,False,,государства и права,3,40.03.01 Юриспруденция,Юрист общей практики со знанием иностранного языка,,102-32
четверг,4,Экологическое право,практика,К718,,обе недели,102-32,,0,False,False,,государства и права,3,40.03.01 Юриспруденция,Юрист общей практики со знанием иностранного языка,,102-32
четверг,5,Психология инклюзивного общества (пр ),,К718,,числитель,102-32,,0,False,False,,государства и права,3,40.03.01 Юриспруденция,Юрист общей практики со знанием иностранного языка,,102-32
пятница,4,Исполнительное производство,лекция,К709,,числитель,102-32,,0,False,False,,государства и права,3,40.03.01 Юриспруденция,Юрист общей практики со знанием иностранного языка,,102-32
пятница,5,Исполнительное производство,практика,К709,,обе недели,102-32,,0,False,False,,государства и права,3,40.03.01 Юриспруденция,Юрист общей практики со знанием иностранного языка,,102-32
суббота,3,Криминалистика,лекция,К204,,числитель,102-32,,0,False,False,,государства и права,3,40.03.01 Юриспруденция,Юрист общей практики со знанием иностранного языка,,102-32
суббота,4,Криминалистика,практика,К630,,обе недели,102-32,1,2,False,False,,государства и права,3,40.03.01 Юриспруденция,Юрист общей практики со знанием иностранного языка,,102-32
суббота,4,Иностр. язык в сфере юриспруд.,практика,К710,,обе недели,102-32,2,2,False,False,,государства и права,3,40.03.01 Юриспруденция,Юрист общей практики со знанием иностранного языка,,102-32
суббота,4,Криминалистика,практика,К630,,обе недели,102-32,1,2,False,False,,государства и права,3,40.03.01 Юриспруденция,Юрист общей практики со знанием иностранного языка,,102-32
суббота,4,Иностр. язык в сфере юриспруд.,практика,К710,,обе недели,102-32,2,2,False,False,,государства и права,3,40.03.01 Юриспруденция,Юрист общей практики со знанием иностранного языка,,102-32
суббота,5,Иностр. язык в сфере юриспруд,практика,К710,,обе недели,102-32,1,2,False,False,,государства и права,3,40.03.01 Юриспруденция,Юрист общей практики со знанием иностранного языка,,102-32
суббота,5,Криминалистика,практика,К630,,обе недели,102-32,2,2,False,False,,государства и права,3,40.03.01 Юриспруденция,Юрист общей практики со знанием иностранного языка,,102-32
суббота,5,Иностр. язык в сфере юриспруд,практика,К710,,обе недели,102-32,1,2,False,False,,государства и права,3,40.03.01 Юриспруденция,Юрист общей практики со знанием иностранного языка,,102-32
суббота,5,Криминалистика,практика,К630,,обе недели,102-32,2,2,False,False,,государства и права,3,40.03.01 Юриспруденция,Юрист общей практики со знанием иностранного языка,,102-32
понедельник,3,Правовое обеспечение предварительного расследования,лекция,К628,,знаменатель,102-33,,0,False,False,,государства и права,3,40.03.01 Юриспруденция,Юрист общей практики со знанием иностранного языка,,102-33
понедельник,4,Уголовное право,лекция,К204,,числитель,102-33,,0,False,False,,государства и права,3,40.03.01 Юриспруденция,Юрист общей практики со знанием иностранного языка,,102-33
понедельник,4,Уголовный процесс,лекция,К204,,знаменатель,102-33,,0,False,False,,государства и права,3,40.03.01 Юриспруденция,Юрист общей практики со знанием иностранного языка,,102-33
понедельник,5,Трудовое право,лекция,К204,,числитель,102-33,,0,False,False,,государства и права,3,40.03.01 Юриспруденция,Юрист общей практики со знанием иностранного языка,,102-33
понедельник,5,Гражданский процесс,лекция,К204,,знаменатель,102-33,,0,False,False,,государства и права,3,40.03.01 Юриспруденция,Юрист общей практики со знанием иностранного языка,,102-33
вторник,4,Правовое обеспечение предварительного расследования,практика,К718,,обе недели,102-33,,0,False,False,,государства и права,3,40.03.01 Юриспруденция,Юрист общей практики со знанием иностранного языка,,102-33
вторник,5,Криминалистика,практика,К630,,обе недели,102-33,1,2,False,False,,государства и права,3,40.03.01 Юриспруденция,Юрист общей практики со знанием иностранного языка,,102-33
вторник,5,Иностр. язык в сфере юриспруд.,практика,К412,,обе недели,102-33,2,2,False,False,,государства и права,3,40.03.01 Юриспруденция,Юрист общей практики со знанием иностранного языка,,102-33
вторник,5,Криминалистика,практика,К630,,обе недели,102-33,1,2,False,False,,государства и права,3,40.03.01 Юриспруденция,Юрист общей практики со знанием иностранного языка,,102-33
вторник,5,Иностр. язык в сфере юриспруд.,практика,К412,,обе недели,102-33,2,2,False,False,,государства и права,3,40.03.01 Юриспруденция,Юрист общей практики со знанием иностранного языка,,102-33
вторник,6,Иностр. язык в сфере юриспруд,практика,К412,,обе недели,102-33,1,2,False,False,,государства и права,3,40.03.01 Юриспруденция,Юрист общей практики со знанием иностранного языка,,102-33
вторник,6,Криминалистика,практика,К630,,обе недели,102-33,2,2,False,False,,государства и права,3,40.03.01 Юриспруденция,Юрист общей практики со знанием иностранного языка,,102-33
вторник,6,Иностр. язык в сфере юриспруд,практика,К412,,обе недели,102-33,1,2,False,False,,государства и права,3,40.03.01 Юриспруденция,Юрист общей практики со знанием иностранного языка,,102-33
вторник,6,Криминалистика,практика,К630,,обе недели,102-33,2,2,False,False,,государства и права,3,40.03.01 Юриспруденция,Юрист общей практики со знанием иностранного языка,,102-33
среда,2,Предпринимательское право,лекция,К203,,числитель,102-33,,0,False,False,,государства и права,3,40.03.01 Юриспруденция,Юрист общей практики со знанием иностранного языка,,102-33
среда,2,Экологическое право,лекция,К203,,знаменатель,102-33,,0,False,False,,государства и права,3,40.03.01 Юриспруденция,Юрист общей практики со знанием иностранного языка,,102-33
среда,3,Экологическое право,практика,К708,,обе недели,102-33,,0,False,False,,государства и права,3,40.03.01 Юриспруденция,Юрист общей практики со знанием иностранного языка,,102-33
среда,4,Гражданский процесс,практика,К714,,обе недели,102-33,,0,False,False,,государства и права,3,40.03.01 Юриспруденция,Юрист общей практики со знанием иностранного языка,,102-33
среда,5,Уголовное право,практика,К711,,обе недели,102-33,,0,False,False,,государства и права,3,40.03.01 Юриспруденция,Юрист общей практики со знанием иностранного языка,,102-33
четверг,4,Предпринимательское право,практика,К711,,обе недели,102-33,,0,False,False,,государства и права,3,40.03.01 Юриспруденция,Юрист общей практики со знанием иностранного языка,,102-33
четверг,5,Уголовный процесс,практика,К628,,обе недели,102-33,,0,False,False,,государства и права,3,40.03.01 Юриспруденция,Юрист общей практики со знанием иностранного языка,,102-33
четверг,6,Трудовое право (пр ),,К711,,обе недели,102-33,,0,False,False,,государства и права,3,40.03.01 Юриспруденция,Юрист общей практики со знанием иностранного языка,,102-33
пятница,4,ФТД: Судебные медицина и психиатрия /,лекция,К628,,обе недели,102-33,,0,False,False,,государства и права,3,40.03.01 Юриспруденция,Юрист общей практики со знанием иностранного языка,,102-33
пятница,5,ФТД: Введение в англо-американское право,практика,К628,,числитель,102-33,,0,False,False,,государства и права,3,40.03.01 Юриспруденция,Юрист общей практики со знанием иностранного языка,,102-33
пятница,5,Психология инклюзивного общества (пр ),практика,К718,,знаменатель,102-33,,0,False,False,,государства и права,3,40.03.01 Юриспруденция,Юрист общей практики со знанием иностранного языка,,102-33
суббота,3,Криминалистика,лекция,К204,,числитель,102-33,,0,False,False,,государства и права,3,40.03.01 Юриспруденция,Юрист общей практики со знанием иностранного языка,,102-33
суббота,3,ФТД: Введение в англо-американское право,лекция,К628,,знаменатель,102-33,,0,False,False,,государства и права,3,40.03.01 Юриспруденция,Юрист общей практики со знанием иностранного языка,,102-33
понедельник,3,Правовое обеспечение предварительного расследования,лекция,К628,,знаменатель,102-34,,0,False,False,,государства и права,3,40.03.01 Юриспруденция,Юрист общей практики со знанием иностранного языка,,102-34
понедельник,4,Уголовное право,лекция,К204,,числитель,102-34,,0,False,False,,государства и права,3,40.03.01 Юриспруденция,Юрист общей практики со знанием иностранного языка,,102-34
понедельник,4,Уголовный процесс,лекция,К204,,знаменатель,102-34,,0,False,False,,государства и права,3,40.03.01 Юриспруденция,Юрист общей практики со знанием иностранного языка,,102-34
понедельник,5,Трудовое право,лекция,К204,,числитель,102-34,,0,False,False,,государства и права,3,40.03.01 Юриспруденция,Юрист общей практики со знанием иностранного языка,,102-34
понедельник,5,Гражданский процесс,лекция,К204,,знаменатель,102-34,,0,False,False,,государства и права,3,40.03.01 Юриспруденция,Юрист общей практики со знанием иностранного языка,,102-34
вторник,3,Криминалистика,практика,К630,,обе недели,102-34,2,1,False,False,,государства и права,3,40.03.01 Юриспруденция,Юрист общей практики со знанием иностранного языка,,102-34
вторник,4,Криминалистика,практика,К630,,обе недели,102-34,1,2,False,False,,государства и права,3,40.03.01 Юриспруденция,Юрист общей практики со знанием иностранного языка,,102-34
вторник,4,Иностр. язык в сфере юриспруд.,практика,К412,,обе недели,102-34,2,2,False,False,,государства и права,3,40.03.01 Юриспруденция,Юрист общей практики со знанием иностранного языка,,102-34
вторник,4,Криминалистика,практика,К630,,обе недели,102-34,1,2,False,False,,государства и права,3,40.03.01 Юриспруденция,Юрист общей практики со знанием иностранного языка,,102-34
вторник,4,Иностр. язык в сфере юриспруд.,практика,К412,,обе недели,102-34,2,2,False,False,,государства и права,3,40.03.01 Юриспруденция,Юрист общей практики со знанием иностранного языка,,102-34
вторник,5,Правовое обеспечение предварительного расследования,практика,К718,,обе недели,102-34,,0,False,False,,государства и права,3,40.03.01 Юриспруденция,Юрист общей практики со знанием иностранного языка,,102-34
среда,1,Уголовное право,практика,К628,,обе недели,102-34,,0,False,False,,государства и права,3,40.03.01 Юриспруденция,Юрист общей практики со знанием иностранного языка,,102-34
среда,2,Предпринимательское право,лекция,К203,,числитель,102-34,,0,False,False,,государства и права,3,40.03.01 Юриспруденция,Юрист общей практики со знанием иностранного языка,,102-34
среда,2,Экологическое право,лекция,К203,,знаменатель,102-34,,0,False,False,,государства и права,3,40.03.01 Юриспруденция,Юрист общей практики со знанием иностранного языка,,102-34
среда,3,Предпринимательское право,практика,К711,,обе недели,102-34,,0,False,False,,государства и права,3,40.03.01 Юриспруденция,Юрист общей практики со знанием иностранного языка,,102-34
среда,4,Экологическое право,практика,К708,,обе недели,102-34,,0,False,False,,государства и права,3,40.03.01 Юриспруденция,Юрист общей практики со знанием иностранного языка,,102-34
четверг,4,Гражданский процесс,практика,К708,,обе недели,102-34,,0,False,False,,государства и права,3,40.03.01 Юриспруденция,Юрист общей практики со знанием иностранного языка,,102-34
четверг,5,Трудовое право (пр ),,К711,,обе недели,102-34,,0,False,False,,государства и права,3,40.03.01 Юриспруденция,Юрист общей практики со знанием иностранного языка,,102-34
четверг,6,Уголовный процесс,практика,К628,,обе недели,102-34,,0,False,False,,государства и права,3,40.03.01 Юриспруденция,Юрист общей практики со знанием иностранного языка,,102-34
пятница,4,ФТД: Судебные медицина и психиатрия,лекция,К628,,числитель,102-34,,0,False,False,,государства и права,3,40.03.01 Юриспруденция,Юрист общей практики со знанием иностранного языка,,102-34
пятница,5,Психология инклюзивного общества (пр ),практика,К718,,числитель,102-34,,0,False,False,,государства и права,3,40.03.01 Юриспруденция,Юрист общей практики со знанием иностранного языка,,102-34
пятница,5,ФТД: Судебные медицина и психиатрия,практика,К628,,знаменатель,102-34,,0,False,False,,государства и права,3,40.03.01 Юриспруденция,Юрист общей практики со знанием иностранного языка,,102-34
пятница,6,ФТД: Введение в англо-американское право,практика,К628,,числитель,102-34,,0,False,False,,государства и права,3,40.03.01 Юриспруденция,Юрист общей практики со знанием иностранного языка,,102-34
суббота,3,Криминалистика,лекция,К204,,числитель,102-34,,0,False,False,,государства и права,3,40.03.01 Юриспруденция,Юрист общей практики со знанием иностранного языка,,102-34
суббота,3,ФТД: Введение в англо-американское право,лекция,К628,,знаменатель,102-34,,0,False,False,,государства и права,3,40.03.01 Юриспруденция,Юрист общей практики со знанием иностранного языка,,102-34
суббота,4,Иностр. язык в сфере юриспруд,практика,К413,,обе недели,102-34,1,1,False,False,,государства и права,3,40.03.01 Юриспруденция,Юрист общей практики со знанием иностранного языка,,102-34
понедельник,2,Административный процесс,лекция,К709,,обе недели,102-21,,0,False,False,,государства и права,4,40.03.01 Юриспруденция,Юрист общей практики со знанием иностранного языка,,102-21
понедельник,3,Административный процесс,практика,К709,,обе недели,102-21,,0,False,False,,государства и права,4,40.03.01 Юриспруденция,Юрист общей практики со знанием иностранного языка,,102-21
понедельник,4,Налоговое право,лекция,К202,,обе недели,102-21,,0,False,False,,государства и права,4,40.03.01 Юриспруденция,Юрист общей практики со знанием иностранного языка,,102-21
вторник,2,Административный процесс,лекция,К710,,обе недели,102-21,,0,False,False,,государства и права,4,40.03.01 Юриспруденция,Юрист общей практики со знанием иностранного языка,,102-21
вторник,3,Административный процесс,практика,К710,,обе недели,102-21,,0,False,False,,государства и права,4,40.03.01 Юриспруденция,Юрист общей практики со знанием иностранного языка,,102-21
вторник,4,Законодательство субъекта федерации,лекция,К703,,обе недели,102-21,,0,False,False,,государства и права,4,40.03.01 Юриспруденция,Юрист общей практики со знанием иностранного языка,,102-21
вторник,5,Законодательство субъекта федерации,практика,К707,,обе недели,102-21,,0,False,False,,государства и права,4,40.03.01 Юриспруденция,Юрист общей практики со знанием иностранного языка,,102-21
среда,2,Налоговое право,практика,К703,,обе недели,102-21,,0,False,False,,государства и права,4,40.03.01 Юриспруденция,Юрист общей практики со знанием иностранного языка,,102-21
среда,3,Налоговое право,практика,К703,,обе недели,102-21,,0,False,False,,государства и права,4,40.03.01 Юриспруденция,Юрист общей практики со знанием иностранного языка,,102-21
среда,4,ФТД: Конституционное право государств Евразии,лекция,К709,,обе недели,102-21,,0,False,False,,государства и права,4,40.03.01 Юриспруденция,Юрист общей практики со знанием иностранного языка,,102-21
среда,5,ФТД: Конституционное право государств Евразии,практика,К707,,обе недели,102-21,,0,False,False,,государства и права,4,40.03.01 Юриспруденция,Юрист общей практики со знанием иностранного языка,,102-21
четверг,1,Банковское право,лекция,К426,,обе недели,102-21,,0,False,False,,государства и права,4,40.03.01 Юриспруденция,Юрист общей практики со знанием иностранного языка,,102-21
четверг,2,Банковское право,практика,К426,,обе недели,102-21,,0,False,False,,государства и права,4,40.03.01 Юриспруденция,Юрист общей практики со знанием иностранного языка,,102-21
четверг,3,Банковское право,практика,К426,,обе недели,102-21,,0,False,False,,государства и права,4,40.03.01 Юриспруденция,Юрист общей практики со знанием иностранного языка,,102-21
четверг,4,Иностранный язык в сфере юриспруденции,практика,К413,,обе недели,102-21,,0,False,False,,государства и права,4,40.03.01 Юриспруденция,Юрист общей практики со знанием иностранного языка,,102-21
пятница,2,ФТД: Конституционное право государств Евразии,лекция,К709,,обе недели,102-21,,0,False,False,,государства и права,4,40.03.01 Юриспруденция,Юрист общей практики со знанием иностранного языка,,102-21
пятница,3,Законодательство субъекта федерации,лекция,К709,,обе недели,102-21,,0,False,False,,государства и права,4,40.03.01 Юриспруденция,Юрист общей практики со знанием иностранного языка,,102-21
пятница,4,Законодательство субъекта федерации,практика,К707,,обе недели,102-21,,0,False,False,,государства и права,4,40.03.01 Юриспруденция,Юрист общей практики со знанием иностранного языка,,102-21
суббота,1,День самостоятельной работы,,,,обе недели,102-21,,0,False,False,,государства и права,4,40.03.01 Юриспруденция,Юрист общей практики со знанием иностранного языка,,102-21
понедельник,3,Правовые аспекты электронной коммерции,лекция,К723,,обе недели,102-22,,0,False,False,,государства и права,4,40.03.01 Юриспруденция,Юрист общей практики со знанием иностранного языка,,102-22
понедельник,4,Налоговое право,лекция,К202,,обе недели,102-22,,0,False,False,,государства и права,4,40.03.01 Юриспруденция,Юрист общей практики со знанием иностранного языка,,102-22
понедельник,5,Правовое регулирование банкротства,лекция,К711,,обе недели,102-22,,0,False,False,,государства и права,4,40.03.01 Юриспруденция,Юрист общей практики со знанием иностранного языка,,102-22
понедельник,6,Правовое регулирование банкротства,практика,К711,,обе недели,102-22,,0,False,False,,государства и права,4,40.03.01 Юриспруденция,Юрист общей практики со знанием иностранного языка,,102-22
вторник,2,Жилищное право,лекция,К714,,обе недели,102-22,,0,False,False,,государства и права,4,40.03.01 Юриспруденция,Юрист общей практики со знанием иностранного языка,,102-22
вторник,3,Жилищное право,практика,К714,,обе недели,102-22,,0,False,False,,государства и права,4,40.03.01 Юриспруденция,Юрист общей практики со знанием иностранного языка,,102-22
вторник,4,Правовые аспекты электронной коммерции,лекция,К710,,обе недели,102-22,,0,False,False,,государства и права,4,40.03.01 Юриспруденция,Юрист общей практики со знанием иностранного языка,,102-22
вторник,5,Правовые аспекты электронной коммерции,лекция,К710,,обе недели,102-22,,0,False,False,,государства и права,4,40.03.01 Юриспруденция,Юрист общей практики со знанием иностранного языка,,102-22
среда,2,Налоговое право,практика,К703,,обе недели,102-22,,0,False,False,,государства и права,4,40.03.01 Юриспруденция,Юрист общей практики со знанием иностранного языка,,102-22
среда,3,Налоговое право,практика,К703,,обе недели,102-22,,0,False,False,,государства и права,4,40.03.01 Юриспруденция,Юрист общей практики со знанием иностранного языка,,102-22
среда,4,Жилищное право,лекция,К710,,обе недели,102-22,,0,False,False,,государства и права,4,40.03.01 Юриспруденция,Юрист общей практики со знанием иностранного языка,,102-22
среда,5,Жилищное право,практика,К710,,обе недели,102-22,,0,False,False,,государства и права,4,40.03.01 Юриспруденция,Юрист общей практики со знанием иностранного языка,,102-22
четверг,3,Иностр. язык в сфере юриспруд,практика,К413,,обе недели,102-22,1,1,False,False,,государства и права,4,40.03.01 Юриспруденция,Юрист общей практики со знанием иностранного языка,,102-22
четверг,4,Правовые аспекты электронной коммерции,лекция,К714,,обе недели,102-22,,0,False,False,,государства и права,4,40.03.01 Юриспруденция,Юрист общей практики со знанием иностранного языка,,102-22
пятница,1,Особенности рассмотрения отдельных категорий дел,лекция,К714,,обе недели,102-22,,0,False,False,,государства и права,4,40.03.01 Юриспруденция,Юрист общей практики со знанием иностранного языка,,102-22
пятница,2,Особенности рассмотрения отдельных категорий дел,практика,К714,,обе недели,102-22,,0,False,False,,государства и права,4,40.03.01 Юриспруденция,Юрист общей практики со знанием иностранного языка,,102-22
пятница,3,Особенности рассмотрения отдельных категорий дел,практика,К714,,обе недели,102-22,,0,False,False,,государства и права,4,40.03.01 Юриспруденция,Юрист общей практики со знанием иностранного языка,,102-22
пятница,4,Иностр. язык в сфере юриспруд,практика,К710,,обе недели,102-22,2,1,False,False,,государства и права,4,40.03.01 Юриспруденция,Юрист общей практики со знанием иностранного языка,,102-22
суббота,2,День самостоятельной работы,,,,обе недели,102-22,,0,False,False,,государства и права,4,40.03.01 Юриспруденция,Юрист общей практики со знанием иностранного языка,,102-22
понедельник,2,Теория доказывания,лекция,К628,,обе недели,102-23,,0,False,False,,государства и права,4,40.03.01 Юриспруденция,Юрист общей практики со знанием иностранного языка,,102-23
понедельник,3,Исполнение судебных решений,лекция,К714,,обе недели,102-23,,0,False,False,,государства и права,4,40.03.01 Юриспруденция,Юрист общей практики со знанием иностранного языка,,102-23
понедельник,4,Налоговое право,лекция,К202,,обе недели,102-23,,0,False,False,,государства и права,4,40.03.01 Юриспруденция,Юрист общей практики со знанием иностранного языка,,102-23
вторник,3,Теория доказывания,практика,К709,,обе недели,102-23,,0,False,False,,государства и права,4,40.03.01 Юриспруденция,Юрист общей практики со знанием иностранного языка,,102-23
вторник,4,"ФТД: Основы оперативно-розыскной, частно-детективной и частной охранной деятельности",лекция,К709,,обе недели,102-23,,0,False,False,,государства и права,4,40.03.01 Юриспруденция,Юрист общей практики со знанием иностранного языка,,102-23
вторник,5,"ФТД: Основы оперативно-розыскной, частно-детективной и частной охранной деятельности",практика,К709,,обе недели,102-23,,0,False,False,,государства и права,4,40.03.01 Юриспруденция,Юрист общей практики со знанием иностранного языка,,102-23
среда,2,Теория доказывания,лекция,К628,,обе недели,102-23,,0,False,False,,государства и права,4,40.03.01 Юриспруденция,Юрист общей практики со знанием иностранного языка,,102-23
среда,3,Теория доказывания,практика,К628,,обе недели,102-23,,0,False,False,,государства и права,4,40.03.01 Юриспруденция,Юрист общей практики со знанием иностранного языка,,102-23
среда,4,Налоговое право,практика,К628,,обе недели,102-23,,0,False,False,,государства и права,4,40.03.01 Юриспруденция,Юрист общей практики со знанием иностранного языка,,102-23
среда,5,Налоговое право,практика,К628,,обе недели,102-23,,0,False,False,,государства и права,4,40.03.01 Юриспруденция,Юрист общей практики со знанием иностранного языка,,102-23
четверг,2,Юридический консалтинг,лекция,К428,,обе недели,102-23,,0,False,False,,государства и права,4,40.03.01 Юриспруденция,Юрист общей практики со знанием иностранного языка,,102-23
четверг,3,Юридический консалтинг,практика,К428,,обе недели,102-23,,0,False,False,,государства и права,4,40.03.01 Юриспруденция,Юрист общей практики со знанием иностранного языка,,102-23
четверг,4,Юридический консалтинг,лекция,К428,,обе недели,102-23,,0,False,False,,государства и права,4,40.03.01 Юриспруденция,Юрист общей практики со знанием иностранного языка,,102-23
четверг,5,Юридический консалтинг,практика,К428,,обе недели,102-23,,0,False,False,,государства и права,4,40.03.01 Юриспруденция,Юрист общей практики со знанием иностранного языка,,102-23
пятница,3,Исполнение судебных решений,практика,К628,,обе недели,102-23,,0,False,False,,государства и права,4,40.03.01 Юриспруденция,Юрист общей практики со знанием иностранного языка,,102-23
пятница,4,Исполнение судебных решений,практика,К714,,обе недели,102-23,,0,False,False,,государства и права,4,40.03.01 Юриспруденция,Юрист общей практики со знанием иностранного языка,,102-23
пятница,5,Иностр. язык в сфере юриспруд,практика,К710,,числитель,102-23,1,2,False,False,,государства и права,4,40.03.01 Юриспруденция,Юрист общей практики со знанием иностранного языка,,102-23
пятница,5,Иностр. язык в сфере юриспруд,практика,К710,,знаменатель,102-23,2,2,False,False,,государства и права,4,40.03.01 Юриспруденция,Юрист общей практики со знанием иностранного языка,,102-23
пятница,5,Иностр. язык в сфере юриспруд,практика,К710,,числитель,102-23,1,2,False,False,,государства и права,4,40.03.01 Юриспруденция,Юрист общей практики со знанием иностранного языка,,102-23
пятница,5,Иностр. язык в сфере юриспруд,практика,К710,,знаменатель,102-23,2,2,False,False,,государства и права,4,40.03.01 Юриспруденция,Юрист общей практики со знанием иностранного языка,,102-23
пятница,6,Иностр. язык в сфере юриспруд,практика,К710,,числитель,102-23,1,2,False,False,,государства и права,4,40.03.01 Юриспруденция,Юрист общей практики со знанием иностранного языка,,102-23
пятница,6,Иностр. язык в сфере юриспруд,практика,К710,,знаменатель,102-23,2,2,False,False,,государства и права,4,40.03.01 Юриспруденция,Юрист общей практики со знанием иностранного языка,,102-23
пятница,6,Иностр. язык в сфере юриспруд,практика,К710,,числитель,102-23,1,2,False,False,,государства и права,4,40.03.01 Юриспруденция,Юрист общей практики со знанием иностранного языка,,102-23
пятница,6,Иностр. язык в сфере юриспруд,практика,К710,,знаменатель,102-23,2,2,False,False,,государства и права,4,40.03.01 Юриспруденция,Юрист общей практики со знанием иностранного языка,,102-23
суббота,1,День самостоятельной работы,,,,обе недели,102-23,,0,False,False,,государства и права,4,40.03.01 Юриспруденция,Юрист общей практики со знанием иностранного языка,,102-23
